identity	disposition	target_identity	rationale	first_path	first_line	occurrence_count
NPA-AXIOM-POLICY-CANONICAL-BYTES-0.1	unrelated	-	axiom_policy_payload_has_no_term_local_context_diagnostic_or_reduction_vocabulary	npa-core/crates/npa-cert/src/hash.rs	60	1
NPA-AXIOM-POLICY-HASH-0.1	unrelated	-	axiom_policy_payload_has_no_term_local_context_diagnostic_or_reduction_vocabulary	npa-core/crates/npa-cert/src/hash.rs	83	1
NPA-AXIOM-REPORT-0.1	retain-with-domain-separated-child	NPA-AXIOM-REPORT-0.1	unchanged_public_layout_commits_current_term_interface_or_module_hash_children	npa-core/checkers/npa-checker-ext/src/ext_canonical.ml	28	15
NPA-BUILTIN-INTERFACE-0.1	unrelated	-	payload_is_a_fixed_builtin_name_tag_and_has_no_term_or_local_context_shape	npa-core/checkers/npa-checker-ext/src/ext_env.ml	225	3
NPA-CERT-0.1	bump	NPA-CERT-0.4.0	single_current_header_format_old_decoder_removed	npa-core/checkers/npa-checker-ext/src/ext_cert.ml	253	8
NPA-CERT-0.1.2	bump	NPA-CERT-0.4.0	single_current_header_format_old_decoder_removed	npa-core/checkers/npa-checker-ext/src/ext_cert.ml	249	7
NPA-CERT-0.2.0	bump	NPA-CERT-0.4.0	single_current_header_format_old_decoder_removed	npa-core/checkers/npa-checker-ext/src/ext_cert.ml	245	49
NPA-CERT-0.3.0	bump	NPA-CERT-0.4.0	single_current_header_format_old_decoder_removed	npa-core/checkers/npa-checker-ext/scripts/differential.sh	145	62
NPA-CERT-9.9	unrelated	-	reviewed_outside_changed_term_local_context_diagnostic_or_zeta_payload	npa-core/crates/npa-api/src/independent_checker.rs	29676	1
NPA-CERT-9.9.9	unrelated	-	reviewed_outside_changed_term_local_context_diagnostic_or_zeta_payload	npa-core/crates/npa-api/src/independent_checker.rs	29674	5
NPA-CORE-EXPR-0.1	retain-with-domain-separated-child	NPA-CORE-EXPR-0.1	six_surviving_payloads_are_byte_identical_and_current_pair_or_parser_makes_tag_6_unreachable	npa-core/crates/npa-cert/src/hash.rs	20	1
NPA-Core-0.1	bump	NPA-Core-0.4.0	single_current_header_core_old_decoder_removed	npa-core/checkers/npa-checker-ext/src/ext_cert.ml	255	6
NPA-Core-0.1.2	bump	NPA-Core-0.4.0	single_current_header_core_old_decoder_removed	npa-core/checkers/npa-checker-ext/src/ext_cert.ml	251	6
NPA-Core-0.2.0	bump	NPA-Core-0.4.0	single_current_header_core_old_decoder_removed	npa-core/checkers/npa-checker-ext/src/ext_cert.ml	247	46
NPA-Core-0.3.0	bump	NPA-Core-0.4.0	single_current_header_core_old_decoder_removed	npa-core/checkers/npa-checker-ext/scripts/differential.sh	146	53
NPA-Core-9.9.9	unrelated	-	reviewed_outside_changed_term_local_context_diagnostic_or_zeta_payload	npa-core/crates/npa-cert/src/tests.rs	3346	1
NPA-DECL-CERT-0.1	bump	NPA-DECL-CERT-0.4.0	declaration_certificate_semantic_epoch_and_header_pair_change	npa-core/checkers/npa-checker-ext/src/ext_canonical.ml	9	11
NPA-DECL-CERT-0.3.0	bump	NPA-DECL-CERT-0.4.0	declaration_certificate_semantic_epoch_and_header_pair_change	npa-core/checkers/npa-checker-ext/src/ext_canonical.ml	7	6
NPA-DECL-IFACE-0.1	retain-with-domain-separated-child	NPA-DECL-IFACE-0.1	unchanged_public_layout_commits_current_term_interface_or_module_hash_children	npa-core/checkers/npa-checker-ext/src/ext_canonical.ml	5	9
NPA-DECLARATION-CLOSURE-EDGES-v1	unrelated	-	reviewed_outside_changed_term_local_context_diagnostic_or_zeta_payload	npa-core/crates/npa-cert/src/declaration_closure.rs	18	1
NPA-DECLARATION-CLOSURE-PROJECTION-LEVEL-v1	unrelated	-	reviewed_outside_changed_term_local_context_diagnostic_or_zeta_payload	npa-core/crates/npa-cert/src/declaration_closure.rs	20	1
NPA-DECLARATION-CLOSURE-PROJECTION-TERM-v1	bump	NPA-DECLARATION-CLOSURE-PROJECTION-TERM-v2	inline_projection_term_grammar_loses_tag_6	npa-core/crates/npa-cert/src/declaration_closure.rs	21	1
NPA-DECLARATION-CLOSURE-PROJECTION-v1	bump	NPA-DECLARATION-CLOSURE-PROJECTION-v2	embeds_changed_projection_term_hashes_in_canonical_bytes	npa-core/crates/npa-cert/src/declaration_closure.rs	19	1
NPA-DECLARATION-CLOSURE-v1	retain-with-domain-separated-child	NPA-DECLARATION-CLOSURE-v1	unchanged_layout_commits_new_declaration_and_module_certificate_hashes	npa-core/crates/npa-cert/src/declaration_closure.rs	17	1
NPA-FRONTEND-MACHINE-TERM-CONTEXT-0.1	bump	NPA-FRONTEND-MACHINE-TERM-CONTEXT-0.2	inline_core_term_grammar_loses_let	npa-core/crates/npa-frontend/src/elaborator.rs	2206	1
NPA-GEN-COMP-RULE-0.1	unrelated	-	payload_contains_only_recursor_presence_minor_start_and_major_index	npa-core/checkers/npa-checker-ext/src/ext_canonical.ml	15	4
NPA-GEN-REC-SIG-0.1	retain-with-domain-separated-child	NPA-GEN-REC-SIG-0.1	unchanged_recursor_signature_layout_commits_a_current_six_form_term_hash	npa-core/checkers/npa-checker-ext/src/ext_canonical.ml	13	4
NPA-HUMAN-DECLARATION-EXTRACTION-v1	retain-with-domain-separated-child	NPA-HUMAN-DECLARATION-EXTRACTION-v1	unchanged_source_projection_is_untrusted_and_reparsed_under_human_authoring_abi_v2	npa-core/crates/npa-frontend/src/human_extraction.rs	18	1
NPA-KERNEL-CORE-EXPR-0.1	retain-with-domain-separated-child	NPA-KERNEL-CORE-EXPR-0.1	six_surviving_payloads_are_byte_identical_and_current_pair_or_parser_makes_tag_6_unreachable	npa-core/crates/npa-frontend/src/elaborator.rs	2090	3
NPA-L2-ADV-TEST-1	unrelated	-	reviewed_outside_changed_term_local_context_diagnostic_or_zeta_payload	npa-core/crates/npa-cli/tests/package_l2_acceptance.rs	286	2
NPA-L2-SEM-TEST-1	unrelated	-	reviewed_outside_changed_term_local_context_diagnostic_or_zeta_payload	npa-core/crates/npa-cli/tests/package_l2_acceptance.rs	288	2
NPA-L2-TRANSPORT-CLOSURE-v1	bump	NPA-L2-TRANSPORT-CLOSURE-v2	hashes_changed_inline_transport_projection_bytes	npa-core/crates/npa-package/src/l2_namespace_transport.rs	1082	1
NPA-L2-TRANSPORT-MAP-v1	unrelated	-	reviewed_outside_changed_term_local_context_diagnostic_or_zeta_payload	npa-core/crates/npa-package/src/l2_namespace_transport.rs	1160	1
NPA-L2-TRANSPORT-PROJECTION-v1	bump	NPA-L2-TRANSPORT-PROJECTION-v2	inline_transport_term_grammar_loses_tag_6	npa-core/crates/npa-package/src/l2_namespace_transport.rs	1006	1
NPA-LEVEL-0.1	unrelated	-	level_grammar_and_merkle_payload_do_not_encode_terms_local_values_diagnostics_or_zeta	npa-core/checkers/npa-checker-ext/src/ext_canonical.ml	1	19
NPA-MATHLIB-CATALOG-CHANGE-EVENT-v1	unrelated	-	reviewed_outside_changed_term_local_context_diagnostic_or_zeta_payload	npa-core/crates/npa-package/src/promotion_registry_v3.rs	43	1
NPA-MATHLIB-CATALOG-CHANGE-SET-v1	unrelated	-	reviewed_outside_changed_term_local_context_diagnostic_or_zeta_payload	npa-core/crates/npa-package/src/promotion_registry_v3.rs	42	1
NPA-MATHLIB-CATALOG-REGISTRY-CHANGE-REQUEST-v1	unrelated	-	reviewed_outside_changed_term_local_context_diagnostic_or_zeta_payload	npa-core/crates/npa-package/src/catalog_registry_change_request.rs	19	1
NPA-MATHLIB-CATALOG-REGISTRY-RECOVERY-v2	unrelated	-	reviewed_outside_changed_term_local_context_diagnostic_or_zeta_payload	npa-core/crates/npa-cli/src/package_promotion_registry_reconcile.rs	1664	1
NPA-MATHLIB-CATALOG-REGISTRY-SYNC-ATTESTATION-v1	unrelated	-	reviewed_outside_changed_term_local_context_diagnostic_or_zeta_payload	npa-core/crates/npa-package/src/catalog_registry_sync_attestation.rs	30	1
NPA-MATHLIB-CATALOG-TARGET-REVISION-v1	unrelated	-	reviewed_outside_changed_term_local_context_diagnostic_or_zeta_payload	npa-core/crates/npa-package/src/promotion_registry_v3.rs	41	1
NPA-MATHLIB-CATALOG-TARGET-v1	unrelated	-	reviewed_outside_changed_term_local_context_diagnostic_or_zeta_payload	npa-core/crates/npa-package/src/promotion_registry_v3.rs	40	1
NPA-MATHLIB-PROMOTION-LEGACY-TARGET-v1	unrelated	-	reviewed_outside_changed_term_local_context_diagnostic_or_zeta_payload	npa-core/crates/npa-package/src/promotion_registry.rs	126	1
NPA-MATHLIB-PROMOTION-ORIGIN-REGISTRY-v1	unrelated	-	reviewed_outside_changed_term_local_context_diagnostic_or_zeta_payload	npa-core/crates/npa-package/src/promotion_registry.rs	125	1
NPA-MATHLIB-PROMOTION-ORIGIN-REGISTRY-v2	unrelated	-	reviewed_outside_changed_term_local_context_diagnostic_or_zeta_payload	npa-core/crates/npa-package/src/promotion_registry_v2.rs	58	1
NPA-MATHLIB-PROMOTION-ORIGIN-REGISTRY-v3	unrelated	-	reviewed_outside_changed_term_local_context_diagnostic_or_zeta_payload	npa-core/crates/npa-package/src/promotion_registry_v3.rs	39	1
NPA-MATHLIB-PROMOTION-PATH-v1	unrelated	-	reviewed_outside_changed_term_local_context_diagnostic_or_zeta_payload	npa-core/crates/npa-package/src/promotion_transaction.rs	44	1
NPA-MATHLIB-PROMOTION-PLAN-EDGES-v2	unrelated	-	reviewed_outside_changed_term_local_context_diagnostic_or_zeta_payload	npa-core/crates/npa-package/src/promotion_plan_v2.rs	30	1
NPA-MATHLIB-PROMOTION-PLAN-v1	unrelated	-	reviewed_outside_changed_term_local_context_diagnostic_or_zeta_payload	npa-core/crates/npa-package/src/promotion_plan.rs	109	1
NPA-MATHLIB-PROMOTION-PLAN-v2	unrelated	-	reviewed_outside_changed_term_local_context_diagnostic_or_zeta_payload	npa-core/crates/npa-package/src/promotion_plan_v2.rs	28	1
NPA-MATHLIB-PROMOTION-ROUTE-v1	unrelated	-	reviewed_outside_changed_term_local_context_diagnostic_or_zeta_payload	npa-core/crates/npa-package/src/promotion_plan.rs	110	1
NPA-MATHLIB-PROMOTION-ROUTE-v2	unrelated	-	reviewed_outside_changed_term_local_context_diagnostic_or_zeta_payload	npa-core/crates/npa-package/src/promotion_plan_v2.rs	29	1
NPA-MATHLIB-PROMOTION-TRANSACTION-v1	unrelated	-	reviewed_outside_changed_term_local_context_diagnostic_or_zeta_payload	npa-core/crates/npa-package/src/promotion_transaction.rs	43	1
NPA-MATHLIB-VERIFIED-MATERIALIZATION-v1	unrelated	-	reviewed_outside_changed_term_local_context_diagnostic_or_zeta_payload	npa-core/crates/npa-package/src/promotion_materialization_attestation.rs	42	1
NPA-MODULE-CERT-0.1	bump	NPA-MODULE-CERT-0.4.0	module_certificate_header_and_semantic_epoch_change	npa-core/checkers/npa-checker-ext/src/ext_canonical.ml	36	4
NPA-MODULE-CERT-0.1.2	bump	NPA-MODULE-CERT-0.4.0	module_certificate_header_and_semantic_epoch_change	npa-core/checkers/npa-checker-ext/src/ext_canonical.ml	34	3
NPA-MODULE-CERT-0.2.0	bump	NPA-MODULE-CERT-0.4.0	module_certificate_header_and_semantic_epoch_change	npa-core/checkers/npa-checker-ext/src/ext_canonical.ml	32	4
NPA-MODULE-CERT-0.3.0	bump	NPA-MODULE-CERT-0.4.0	module_certificate_header_and_semantic_epoch_change	npa-core/checkers/npa-checker-ext/src/ext_canonical.ml	30	6
NPA-MODULE-EXPORT-0.1	bump	NPA-MODULE-EXPORT-0.2.0	old_only_export_domain_removed_with_old_decoder	npa-core/checkers/npa-checker-ext/src/ext_canonical.ml	23	4
NPA-MODULE-EXPORT-0.1.2	bump	NPA-MODULE-EXPORT-0.2.0	old_only_export_domain_removed_with_old_decoder	npa-core/checkers/npa-checker-ext/src/ext_canonical.ml	21	3
NPA-MODULE-EXPORT-0.2.0	retain-with-domain-separated-child	NPA-MODULE-EXPORT-0.2.0	unchanged_public_layout_commits_current_term_interface_or_module_hash_children	npa-core/checkers/npa-checker-ext/src/ext_canonical.ml	17	3
NPA-P8H13-CERT-MUTATION-0.1	unrelated	-	reviewed_outside_changed_term_local_context_diagnostic_or_zeta_payload	npa-core/crates/npa-cert/src/tests.rs	7885	1
NPA-P8H13-REFERENCE-FUZZ-0.1	unrelated	-	reviewed_outside_changed_term_local_context_diagnostic_or_zeta_payload	npa-core/crates/npa-checker-ref/src/lib.rs	5959	1
NPA-PRODUCER-CHAIN-0.1	unrelated	-	reviewed_outside_changed_term_local_context_diagnostic_or_zeta_payload	npa-core/crates/npa-cert/src/producer.rs	358	2
NPA-PRODUCER-DEPENDENCY-SELECTIVE-0.1	unrelated	-	reviewed_outside_changed_term_local_context_diagnostic_or_zeta_payload	npa-core/crates/npa-cert/src/producer.rs	367	1
NPA-PRODUCER-ENV-0.1	unrelated	-	reviewed_outside_changed_term_local_context_diagnostic_or_zeta_payload	npa-core/crates/npa-cert/src/producer.rs	337	2
NPA-PRODUCER-LIMITS-0.1	unrelated	-	reviewed_outside_changed_term_local_context_diagnostic_or_zeta_payload	npa-core/crates/npa-cert/src/producer.rs	76	1
NPA-TERM-0.1	retain-with-domain-separated-child	NPA-TERM-0.1	six_surviving_payloads_are_byte_identical_and_current_pair_or_parser_makes_tag_6_unreachable	npa-core/checkers/npa-checker-ext/src/ext_canonical.ml	3	11
NPA-UNIVERSE-CONSTRAINTS-0.1	unrelated	-	universe_parameter_and_level_constraint_payload_does_not_encode_term_or_local_context_shape	npa-core/crates/npa-cert/src/hash.rs	53	1
beta-delta-iota-zeta.v0.1	bump	beta-delta-iota.v0.1	zeta_removed_no_compatibility_alias	npa-core/crates/npa-api/src/session.rs	2471	3
builtin-nat-eq-rec-v0.1	unrelated	-	reviewed_outside_changed_term_local_context_diagnostic_or_zeta_payload	npa-core/crates/npa-api/src/session.rs	2475	4
builtin-none-v0.1	unrelated	-	reviewed_outside_changed_term_local_context_diagnostic_or_zeta_payload	npa-core/crates/npa-api/src/session.rs	2474	3
core-spec-v0.1	bump	core-spec-v0.2	machine_kernel_profile_semantics_become_let_free	npa-core/crates/npa-api/src/session.rs	2469	3
levels-imax-v0.1	unrelated	-	reviewed_outside_changed_term_local_context_diagnostic_or_zeta_payload	npa-core/crates/npa-api/src/session.rs	2472	3
npa-agent-platform.v0	unrelated	-	reviewed_outside_changed_term_local_context_diagnostic_or_zeta_payload	npa-agents/apps/verifier-service/src/lib.rs	3862	1
npa-agent-platform.v1	retain-with-domain-separated-child	npa-agent-platform.v1	agent_platform_schema_is_unchanged_while_current_toolchain_and_certificate_pins_are_replaced	npa-agents/apps/agent-api/src/lib.rs	16	7
npa-agent-platform.v999	unrelated	-	reviewed_outside_changed_term_local_context_diagnostic_or_zeta_payload	npa-agents/apps/agent-api/src/lib.rs	2577	2
npa-ai-proof-meta-v0.1	retain-with-domain-separated-child	npa-ai-proof-meta-v0.1	unchanged_untrusted_metadata_schema_commits_rebuilt_certificate_export_and_axiom_report_hashes	npa-core/crates/npa-package/src/artifact_ledger.rs	19	5
npa-ai-proof-replay-v0.1	unrelated	-	untrusted_replay_schema_carries_raw_strings_and_an_artifact_path_but_no_term_encoding_or_accepted_proof_identity	npa-core/crates/npa-package/src/proof_replay.rs	19	1
npa-checker-ext-toolchain-v0-8-compat	bump	npa-checker-ext-toolchain-v0-9-compat	temporary_v0_8_toolchain_fixture_or_asset_name_replaced	npa-core/crates/npa-cli/src/checker_ext_toolchain_evidence.rs	25	2
npa-checker-ext-toolchain-v0-8-real	bump	npa-checker-ext-toolchain-v0-9-real	temporary_v0_8_toolchain_fixture_or_asset_name_replaced	npa-core/crates/npa-cli/src/checker_ext_toolchain_evidence.rs	26	2
npa-checker-ext-toolchain-v0.8.0-fixture	bump	npa-checker-ext-toolchain-v0.9.0-fixture	temporary_v0_8_toolchain_fixture_or_asset_name_replaced	npa-core/crates/npa-cli/src/checker_ext_toolchain_evidence.rs	591	1
npa-checker-ref-toolchain-v0-8-fixture	bump	npa-checker-ref-toolchain-v0-9-fixture	temporary_v0_8_toolchain_fixture_or_asset_name_replaced	npa-core/crates/npa-cli/src/checker_ext_toolchain_evidence.rs	636	3
npa-client.diagnostic.v1	unrelated	-	reviewed_outside_changed_term_local_context_diagnostic_or_zeta_payload	npa-agents/crates/npa-client/src/lib.rs	654	1
npa-client.fixture.v1	unrelated	-	reviewed_outside_changed_term_local_context_diagnostic_or_zeta_payload	npa-agents/crates/npa-client/src/lib.rs	712	1
npa-client.local-process-request.v1	retain-with-domain-separated-child	npa-client.local-process-request.v1	local_process_envelope_is_unchanged_and_nested_current_payloads_or_results_are_validated_by_their_owner	npa-agents/crates/npa-client/src/lib.rs	889	7
npa-client.local-process-response.v1	retain-with-domain-separated-child	npa-client.local-process-response.v1	local_process_envelope_is_unchanged_and_nested_current_payloads_or_results_are_validated_by_their_owner	npa-agents/apps/agentctl/tests/common/mod.rs	323	19
npa-client.local-process.stderr.v1	unrelated	-	reviewed_outside_changed_term_local_context_diagnostic_or_zeta_payload	npa-agents/crates/npa-client/src/lib.rs	2052	2
npa-client.request.v1	retain-with-domain-separated-child	npa-client.request.v1	client_hash_layout_is_unchanged_and_commits_rebuilt_candidate_state_certificate_or_diagnostic_hashes	npa-agents/crates/npa-client/src/lib.rs	502	1
npa-client.tactic-batch-result.semantic.v1	retain-with-domain-separated-child	npa-client.tactic-batch-result.semantic.v1	client_hash_layout_is_unchanged_and_commits_rebuilt_candidate_state_certificate_or_diagnostic_hashes	npa-agents/crates/npa-client/src/lib.rs	623	1
npa-client.tactic-batch.shared-setup.v1	retain-with-domain-separated-child	npa-client.tactic-batch.shared-setup.v1	client_hash_layout_is_unchanged_and_commits_rebuilt_candidate_state_certificate_or_diagnostic_hashes	npa-agents/crates/npa-client/src/lib.rs	325	1
npa-client.tactic-fixture.v1	unrelated	-	reviewed_outside_changed_term_local_context_diagnostic_or_zeta_payload	npa-agents/crates/npa-client/src/lib.rs	725	1
npa-cvr-source-set-v2	unrelated	-	reviewed_outside_changed_term_local_context_diagnostic_or_zeta_payload	npa-core/crates/npa-cert/build.rs	154	2
npa-fast-kernel-toolchain-v0-8-fixture	bump	npa-fast-kernel-toolchain-v0-9-fixture	temporary_v0_8_toolchain_fixture_or_asset_name_replaced	npa-core/crates/npa-cli/src/checker_ext_toolchain_evidence.rs	629	3
npa-gitsel-source-set-v1	unrelated	-	reviewed_outside_changed_term_local_context_diagnostic_or_zeta_payload	npa-core/crates/npa-cli/build.rs	336	2
npa-kernel.core.v0.1	bump	npa-kernel.core.v0.2	machine_kernel_semantics_profile_loses_local_definitions_and_zeta	npa-core/crates/npa-api/src/session.rs	2470	3
npa-kwhnf-source-set-v2	unrelated	-	reviewed_outside_changed_term_local_context_diagnostic_or_zeta_payload	npa-core/crates/npa-api/build.rs	358	3
npa-lean-builtin-shape-v1	unrelated	-	reviewed_outside_changed_term_local_context_diagnostic_or_zeta_payload	npa-lean-exporter/crates/npa-lean-exporter/src/lower.rs	1156	1
npa-lean-decl-v1	unrelated	-	reviewed_outside_changed_term_local_context_diagnostic_or_zeta_payload	npa-lean-exporter/crates/npa-lean-exporter/src/names.rs	121	1
npa-lean-module-v1	unrelated	-	reviewed_outside_changed_term_local_context_diagnostic_or_zeta_payload	npa-lean-exporter/crates/npa-lean-exporter/src/names.rs	76	1
npa-lean-package-v1	unrelated	-	reviewed_outside_changed_term_local_context_diagnostic_or_zeta_payload	npa-lean-exporter/crates/npa-lean-exporter/src/names.rs	55	1
npa-mathlib-downstream-proofs-generated-toolchain-v0.8.0-compat-manifest.json	bump	npa-mathlib-downstream-proofs-generated-toolchain-v0.9.0-compat-manifest.json	temporary_v0_8_toolchain_fixture_or_asset_name_replaced	npa-core/crates/npa-cli/src/checker_ext_toolchain_evidence.rs	36	2
npa-mathlib-downstream-proofs-generated-toolchain-v0.8.0-compat.sha256	bump	npa-mathlib-downstream-proofs-generated-toolchain-v0.9.0-compat.sha256	temporary_v0_8_toolchain_fixture_or_asset_name_replaced	npa-core/crates/npa-cli/src/checker_ext_toolchain_evidence.rs	34	2
npa-mathlib-downstream-proofs-generated-toolchain-v0.8.0-compat.tar.gz	bump	npa-mathlib-downstream-proofs-generated-toolchain-v0.9.0-compat.tar.gz	temporary_v0_8_toolchain_fixture_or_asset_name_replaced	npa-core/crates/npa-cli/src/checker_ext_toolchain_evidence.rs	32	2
npa-package-verifier-source-set-v1	unrelated	-	reviewed_outside_changed_term_local_context_diagnostic_or_zeta_payload	npa-core/crates/npa-api/build.rs	269	3
npa-performance-sealed-run-catalog-v1	unrelated	-	reviewed_outside_changed_term_local_context_diagnostic_or_zeta_payload	npa-core/crates/npa-api/examples/support/sealed_performance_run.rs	10	1
npa-snap-source-set-v1	unrelated	-	reviewed_outside_changed_term_local_context_diagnostic_or_zeta_payload	npa-core/crates/npa-cli/build.rs	184	4
npa-snap-vmsp-manager-source-set-v1	unrelated	-	reviewed_outside_changed_term_local_context_diagnostic_or_zeta_payload	npa-core/crates/npa-cli/build.rs	236	2
npa-tbac-source-set-v1	unrelated	-	reviewed_outside_changed_term_local_context_diagnostic_or_zeta_payload	npa-core/crates/npa-cli/build.rs	392	2
npa-tdag-source-set-v2	unrelated	-	reviewed_outside_changed_term_local_context_diagnostic_or_zeta_payload	npa-core/crates/npa-api/build.rs	189	2
npa-true-batching-source-set-v1	unrelated	-	reviewed_outside_changed_term_local_context_diagnostic_or_zeta_payload	npa-core/crates/npa-api/build.rs	521	2
npa-vmsp-source-set-v1	unrelated	-	reviewed_outside_changed_term_local_context_diagnostic_or_zeta_payload	npa-core/crates/npa-api/build.rs	440	4
npa.advanced-ai.candidate.v1	bump	npa.advanced-ai.candidate.v2	advanced_ai_helper_trace_finds_inline_goal_local_or_expr_bytes	npa-core/crates/npa-api/src/advanced_ai.rs	39	1
npa.advanced-ai.env.v1	retain-with-domain-separated-child	npa.advanced-ai.env.v1	unchanged_layout_commits_new_import_certificate_hashes	npa-core/crates/npa-api/src/advanced_ai.rs	41	1
npa.advanced-ai.external-index-update.v1	unrelated	-	reviewed_outside_changed_term_local_context_diagnostic_or_zeta_payload	npa-core/crates/npa-api/src/advanced_ai.rs	193	1
npa.advanced-ai.external_index_update.key.v1	unrelated	-	reviewed_outside_changed_term_local_context_diagnostic_or_zeta_payload	npa-core/crates/npa-api/src/advanced_ai.rs	76	1
npa.advanced-ai.formalization.accepted_statement.v1	bump	npa.advanced-ai.formalization.accepted_statement.v2	advanced_ai_helper_trace_finds_inline_goal_local_or_expr_bytes	npa-core/crates/npa-api/src/advanced_ai.rs	74	1
npa.advanced-ai.formalization.candidate_statement.v1	bump	npa.advanced-ai.formalization.candidate_statement.v2	advanced_ai_helper_trace_finds_inline_goal_local_or_expr_bytes	npa-core/crates/npa-api/src/advanced_ai.rs	72	1
npa.advanced-ai.formalization.claim_span.v1	unrelated	-	reviewed_outside_changed_term_local_context_diagnostic_or_zeta_payload	npa-core/crates/npa-api/src/advanced_ai.rs	68	1
npa.advanced-ai.formalization.proof_root.v1	retain-with-domain-separated-child	npa.advanced-ai.formalization.proof_root.v1	unchanged_layout_commits_new_candidate_and_accepted_statement_hashes	npa-core/crates/npa-api/src/advanced_ai.rs	75	1
npa.advanced-ai.formalization.rejection_reason.v1	unrelated	-	reviewed_outside_changed_term_local_context_diagnostic_or_zeta_payload	npa-core/crates/npa-api/src/advanced_ai.rs	70	1
npa.advanced-ai.formalization.source_document.v1	unrelated	-	reviewed_outside_changed_term_local_context_diagnostic_or_zeta_payload	npa-core/crates/npa-api/src/advanced_ai.rs	67	1
npa.advanced-ai.goal.v1	bump	npa.advanced-ai.goal.v2	advanced_ai_helper_trace_finds_inline_goal_local_or_expr_bytes	npa-core/crates/npa-api/src/advanced_ai.rs	42	1
npa.advanced-ai.options.v1	unrelated	-	reviewed_outside_changed_term_local_context_diagnostic_or_zeta_payload	npa-core/crates/npa-api/src/advanced_ai.rs	40	1
npa.advanced-ai.smt.certificate_metadata.v1	retain-with-domain-separated-child	npa.advanced-ai.smt.certificate_metadata.v1	unchanged_layout_commits_new_problem_proof_and_reconstruction_hashes	npa-core/crates/npa-api/src/advanced_ai.rs	54	1
npa.advanced-ai.smt.command_id.v1	bump	npa.advanced-ai.smt.command_id.v2	advanced_ai_helper_trace_finds_inline_goal_local_or_expr_bytes	npa-core/crates/npa-api/src/advanced_ai.rs	57	1
npa.advanced-ai.smt.encoding.v1	retain-with-domain-separated-child	npa.advanced-ai.smt.encoding.v1	unchanged_layout_commits_new_smt_problem_hash	npa-core/crates/npa-api/src/advanced_ai.rs	49	1
npa.advanced-ai.smt.nat_to_int_side_condition.v1	bump	npa.advanced-ai.smt.nat_to_int_side_condition.v2	advanced_ai_helper_trace_finds_inline_goal_local_or_expr_bytes	npa-core/crates/npa-api/src/advanced_ai.rs	56	1
npa.advanced-ai.smt.opaque_proof_payload.v1	unrelated	-	reviewed_outside_changed_term_local_context_diagnostic_or_zeta_payload	npa-core/crates/npa-api/src/advanced_ai.rs	52	1
npa.advanced-ai.smt.problem.v1	bump	npa.advanced-ai.smt.problem.v2	advanced_ai_helper_trace_finds_inline_goal_local_or_expr_bytes	npa-core/crates/npa-api/src/advanced_ai.rs	48	1
npa.advanced-ai.smt.proof_payload.v1	bump	npa.advanced-ai.smt.proof_payload.v2	advanced_ai_helper_trace_finds_inline_goal_local_or_expr_bytes	npa-core/crates/npa-api/src/advanced_ai.rs	51	1
npa.advanced-ai.smt.reconstruction_plan.v1	bump	npa.advanced-ai.smt.reconstruction_plan.v2	advanced_ai_helper_trace_finds_inline_goal_local_or_expr_bytes	npa-core/crates/npa-api/src/advanced_ai.rs	53	1
npa.advanced-ai.smt.rule_descriptor.v1	unrelated	-	reviewed_outside_changed_term_local_context_diagnostic_or_zeta_payload	npa-core/crates/npa-api/src/advanced_ai.rs	59	1
npa.advanced-ai.smt.rule_descriptor_fingerprint.v1	unrelated	-	reviewed_outside_changed_term_local_context_diagnostic_or_zeta_payload	npa-core/crates/npa-api/src/advanced_ai.rs	61	1
npa.advanced-ai.smt.rule_registry.v1	unrelated	-	reviewed_outside_changed_term_local_context_diagnostic_or_zeta_payload	npa-core/crates/npa-api/src/advanced_ai.rs	62	1
npa.advanced-ai.smt.smtlib_problem.v1	unrelated	-	reviewed_outside_changed_term_local_context_diagnostic_or_zeta_payload	npa-core/crates/npa-api/src/advanced_ai.rs	50	1
npa.advanced-ai.smt.solver_handoff.v1	retain-with-domain-separated-child	npa.advanced-ai.smt.solver_handoff.v1	unchanged_layout_commits_new_problem_and_encoding_hashes	npa-core/crates/npa-api/src/advanced_ai.rs	65	1
npa.advanced-ai.smt.solver_process_policy.v1	unrelated	-	reviewed_outside_changed_term_local_context_diagnostic_or_zeta_payload	npa-core/crates/npa-api/src/advanced_ai.rs	63	1
npa.advanced-ai.smt.solver_process_profile.v1	unrelated	-	reviewed_outside_changed_term_local_context_diagnostic_or_zeta_payload	npa-core/crates/npa-api/src/advanced_ai.rs	64	1
npa.advanced-ai.smt.symbol.v1	unrelated	-	reviewed_outside_changed_term_local_context_diagnostic_or_zeta_payload	npa-core/crates/npa-api/src/advanced_ai.rs	58	1
npa.advanced-ai.theorem_graph.query_features.v1	retain-with-domain-separated-child	npa.advanced-ai.theorem_graph.query_features.v1	unchanged_layout_commits_new_goal_fingerprint_hash	npa-core/crates/npa-api/src/advanced_ai.rs	47	1
npa.advanced-ai.theorem_graph.snapshot.v1	retain-with-domain-separated-child	npa.advanced-ai.theorem_graph.snapshot.v1	unchanged_layout_commits_new_certificate_and_declaration_hashes	npa-core/crates/npa-api/src/advanced_ai.rs	45	1
npa.advanced-ai.universe.constraints.v1	unrelated	-	reviewed_outside_changed_term_local_context_diagnostic_or_zeta_payload	npa-core/crates/npa-api/src/advanced_ai.rs	44	1
npa.advanced-ai.validation_result.v1	bump	npa.advanced-ai.validation_result.v2	advanced_ai_helper_trace_finds_inline_goal_local_or_expr_bytes	npa-core/crates/npa-api/src/advanced_ai.rs	43	1
npa.ai-search.candidate-payload.v1	retain-with-domain-separated-child	npa.ai-search.candidate-payload.v1	raw_string_grammar_unchanged_and_all_use_reparses_under_machine_api_v2	npa-core/crates/npa-api/src/ai_search.rs	66	1
npa.ai-search.focused-replay-payload.v1	retain-with-domain-separated-child	npa.ai-search.focused-replay-payload.v1	unchanged_outer_json_commits_new_replay_and_premise_child_identities	npa-core/crates/npa-api/src/ai_search.rs	72	1
npa.ai-search.training-negative-identity.v1	retain-with-domain-separated-child	npa.ai-search.training-negative-identity.v1	closed_training_vocabulary_unchanged_and_changed_diagnostics_or_candidates_are_hashed_children	npa-core/crates/npa-api/src/ai_search.rs	71	1
npa.ai-search.training-positive-identity.v1	retain-with-domain-separated-child	npa.ai-search.training-positive-identity.v1	closed_training_vocabulary_unchanged_and_changed_diagnostics_or_candidates_are_hashed_children	npa-core/crates/npa-api/src/ai_search.rs	69	1
npa.ai-search.training-trace.v1	retain-with-domain-separated-child	npa.ai-search.training-trace.v1	closed_training_vocabulary_unchanged_and_changed_diagnostics_or_candidates_are_hashed_children	npa-core/crates/npa-api/src/ai_search.rs	67	2
npa.barrier-audit.identity.v1	unrelated	-	reviewed_outside_changed_term_local_context_diagnostic_or_zeta_payload	npa-core/crates/npa-api/src/barrier_audit.rs	9	1
npa.barrier-audit.v1	unrelated	-	reviewed_outside_changed_term_local_context_diagnostic_or_zeta_payload	npa-core/crates/npa-api/src/barrier_audit.rs	8	1
npa.benchmark-taxonomy.v1	unrelated	-	reviewed_outside_changed_term_local_context_diagnostic_or_zeta_payload	npa-agents/crates/agent-performance/src/lib.rs	6360	2
npa.campaign.v1	unrelated	-	reviewed_outside_changed_term_local_context_diagnostic_or_zeta_payload	npa-agents/apps/agentctl/tests/inspect_state_root.rs	56	3
npa.candidate-verification-metadata.v1	retain-with-domain-separated-child	npa.candidate-verification-metadata.v1	unchanged_agent_verification_metadata_commits_new_environment_snapshot_and_certificate_evidence_hashes	npa-agents/apps/agentctl/src/commands/prepare_verify_candidate.rs	20	7
npa.cert.local_authoring_producer_abi.v1	bump	npa.cert.local_authoring_producer_abi.v2	producer_can_no_longer_construct_let_certificates	npa-core/crates/npa-cert/src/lib.rs	57	4
npa.certificate-term-dag-materialization.child.v0.1	unrelated	-	reviewed_outside_changed_term_local_context_diagnostic_or_zeta_payload	npa-core/crates/npa-api/examples/support/term_dag_performance.rs	26	1
npa.certificate-term-dag-materialization.fixture-tree.v0.1	unrelated	-	reviewed_outside_changed_term_local_context_diagnostic_or_zeta_payload	npa-core/crates/npa-api/examples/support/term_dag_performance.rs	696	2
npa.certificate-term-dag-materialization.fixtures.v0.1	unrelated	-	reviewed_outside_changed_term_local_context_diagnostic_or_zeta_payload	npa-core/crates/npa-api/examples/support/term_dag_performance.rs	24	1
npa.certificate-term-dag-materialization.measurements.v0.1	unrelated	-	reviewed_outside_changed_term_local_context_diagnostic_or_zeta_payload	npa-core/crates/npa-api/examples/support/term_dag_performance.rs	25	1
npa.certificate-term-dag-materialization.production-fixture.v0.1	unrelated	-	reviewed_outside_changed_term_local_context_diagnostic_or_zeta_payload	npa-core/crates/npa-api/examples/support/term_dag_performance.rs	1057	1
npa.certificate-term-dag-materialization.real-hashes.v0.1	unrelated	-	reviewed_outside_changed_term_local_context_diagnostic_or_zeta_payload	npa-core/crates/npa-api/examples/support/term_dag_performance.rs	229	1
npa.certificate-term-dag-materialization.run.v0.2	unrelated	-	reviewed_outside_changed_term_local_context_diagnostic_or_zeta_payload	npa-core/crates/npa-api/examples/support/term_dag_performance.rs	27	3
npa.certificate-term-materialization-budget.v1	unrelated	-	reviewed_outside_changed_term_local_context_diagnostic_or_zeta_payload	npa-core/crates/npa-api/examples/support/term_dag_performance.rs	29	2
npa.certificate-theorem-graph.query-features.v1	retain-with-domain-separated-child	npa.certificate-theorem-graph.query-features.v1	unchanged_graph_layout_is_rebuilt_from_v0_4_certificate_hashes	npa-core/crates/npa-api/src/theorem_graph.rs	11	1
npa.certificate-theorem-graph.v2	retain-with-domain-separated-child	npa.certificate-theorem-graph.v2	unchanged_graph_layout_is_rebuilt_from_v0_4_certificate_hashes	npa-core/crates/npa-api/src/theorem_graph.rs	9	1
npa.certificate-validation-pass-reuse.child.v0.1	unrelated	-	reviewed_outside_changed_term_local_context_diagnostic_or_zeta_payload	npa-core/crates/npa-cert/src/verify.rs	6045	1
npa.certificate-validation-pass-reuse.run.v0.2	unrelated	-	reviewed_outside_changed_term_local_context_diagnostic_or_zeta_payload	npa-core/crates/npa-cert/src/verify.rs	6046	3
npa.certificate-validation-pass-reuse.scenarios.v0.1	unrelated	-	reviewed_outside_changed_term_local_context_diagnostic_or_zeta_payload	npa-core/crates/npa-cert/src/verify.rs	6044	1
npa.certificate.canonical.v0.1	unrelated	-	reviewed_outside_changed_term_local_context_diagnostic_or_zeta_payload	npa-core/crates/npa-api/src/package_artifacts.rs	2338	50
npa.certificate.canonical.v0.1.hex	retain-with-domain-separated-child	npa.certificate.canonical.v0.1.hex	unchanged_standard_library_layout_commits_new_profiles_certificate_bytes_or_certificate_derived_hashes	npa-core/crates/npa-api/src/ai_search.rs	8118	18
npa.certificate.canonical.v0.2	unrelated	-	reviewed_outside_changed_term_local_context_diagnostic_or_zeta_payload	npa-core/crates/npa-package/src/export_summary.rs	920	2
npa.certificate.canonical.v0.3	unrelated	-	reviewed_outside_changed_term_local_context_diagnostic_or_zeta_payload	npa-core/crates/npa-package/src/export_summary.rs	925	2
npa.certificate.v9	unrelated	-	reviewed_outside_changed_term_local_context_diagnostic_or_zeta_payload	npa-core/crates/npa-package/src/targeted_authoring_cache/context.rs	3265	1
npa.checker-disagreement-record.v1	unrelated	-	reviewed_outside_changed_term_local_context_diagnostic_or_zeta_payload	npa-core/crates/npa-api/src/independent_checker.rs	41	1
npa.checker.reference.v0.1	unrelated	-	reviewed_outside_changed_term_local_context_diagnostic_or_zeta_payload	npa-core/crates/npa-api/src/package_artifacts.rs	2339	53
npa.checker.reference.v0.1.stale	unrelated	-	reviewed_outside_changed_term_local_context_diagnostic_or_zeta_payload	npa-core/crates/npa-cli/tests/package_cli.rs	841	1
npa.checker.v9	unrelated	-	reviewed_outside_changed_term_local_context_diagnostic_or_zeta_payload	npa-core/crates/npa-package/src/targeted_authoring_cache/context.rs	3268	1
npa.checker_ext.toolchain_v0_3.policy_preflight.v1	unrelated	-	reviewed_outside_changed_term_local_context_diagnostic_or_zeta_payload	npa-core/crates/npa-cli/examples/inspect_ext_v0_3_policy.rs	24	2
npa.checker_ext.toolchain_v0_4.policy_preflight.v1	unrelated	-	reviewed_outside_changed_term_local_context_diagnostic_or_zeta_payload	npa-core/crates/npa-cli/examples/inspect_ext_v0_3_policy.rs	25	2
npa.checker_ext.toolchain_v0_5.policy_preflight.v1	unrelated	-	reviewed_outside_changed_term_local_context_diagnostic_or_zeta_payload	npa-core/crates/npa-cli/examples/inspect_ext_v0_3_policy.rs	26	2
npa.checker_ext.toolchain_v0_6.policy_preflight.v1	unrelated	-	reviewed_outside_changed_term_local_context_diagnostic_or_zeta_payload	npa-core/crates/npa-cli/examples/inspect_ext_v0_3_policy.rs	27	2
npa.checker_ext.toolchain_v0_7.fixture.v1	bump	removed_without_replacement	unused_v0_7_toolchain_identity_deleted	npa-core/crates/npa-cli/tests/checker_ext_toolchain_evidence.rs	65	1
npa.checker_ext.toolchain_v0_7.policy_preflight.v1	bump	removed_without_replacement	unused_v0_7_toolchain_identity_deleted	npa-core/crates/npa-cli/examples/inspect_ext_v0_3_policy.rs	28	2
npa.checker_ext.toolchain_v0_8	bump	npa.checker_ext.toolchain_v0_9	temporary_v0_8_lane_replaced_by_single_v0_9_lane	npa-core/crates/npa-cli/src/checker_ext_toolchain_evidence.rs	24	1
npa.checker_ext.toolchain_v0_8.fixture.v1	bump	npa.checker_ext.toolchain_v0_9.fixture.v1	temporary_v0_8_lane_replaced_by_single_v0_9_lane	npa-core/crates/npa-cli/tests/checker_ext_toolchain_evidence.rs	95	1
npa.checker_ext.toolchain_v0_8.policy_preflight.v1	bump	npa.checker_ext.toolchain_v0_9.policy_preflight.v1	temporary_v0_8_lane_replaced_by_single_v0_9_lane	npa-core/crates/npa-cli/examples/inspect_ext_v0_3_policy.rs	29	4
npa.checker_ext.toolchain_v0_8.prepared_inputs.v1	bump	npa.checker_ext.toolchain_v0_9.prepared_inputs.v1	temporary_v0_8_lane_replaced_by_single_v0_9_lane	npa-core/crates/npa-cli/tests/checker_ext_toolchain_evidence.rs	268	1
npa.claim-publication-gate.identity.v1	unrelated	-	reviewed_outside_changed_term_local_context_diagnostic_or_zeta_payload	npa-core/crates/npa-api/src/claim_publication_gate.rs	10	1
npa.claim-publication-gate.v1	unrelated	-	reviewed_outside_changed_term_local_context_diagnostic_or_zeta_payload	npa-agents/apps/agentctl/tests/claim_gate_preflight.rs	159	3
npa.cli.authoring.v0.1	unrelated	-	reviewed_outside_changed_term_local_context_diagnostic_or_zeta_payload	npa-core/crates/npa-package/src/targeted_authoring_cache.rs	1621	1
npa.cli.build_provenance.v2	unrelated	-	reviewed_outside_changed_term_local_context_diagnostic_or_zeta_payload	npa-core/crates/npa-cli/examples/bench_package_changed_selection.rs	2412	12
npa.cli.build_provenance.v9	unrelated	-	reviewed_outside_changed_term_local_context_diagnostic_or_zeta_payload	npa-core/crates/npa-cli/examples/bench_package_changed_selection.rs	4339	1
npa.cli.human_interface_adapter.v1	unrelated	-	reviewed_outside_changed_term_local_context_diagnostic_or_zeta_payload	npa-core/crates/npa-cli/src/package_build_cache.rs	61	2
npa.cli.package.refactor_plan.v0.1	unrelated	-	reviewed_outside_changed_term_local_context_diagnostic_or_zeta_payload	npa-core/crates/npa-cli/src/package_refactor_plan.rs	53	1
npa.cli.targeted_authoring_abi.v1	retain-with-domain-separated-child	npa.cli.targeted_authoring_abi.v1	aggregate_key_separately_commits_bumped_frontend_producer_and_kernel_abis	npa-core/crates/npa-cli/src/package_build_cache.rs	59	4
npa.complexity-obligation-record.identity.v1	unrelated	-	reviewed_outside_changed_term_local_context_diagnostic_or_zeta_payload	npa-core/crates/npa-api/src/complexity_obligation.rs	10	1
npa.complexity-obligation-record.v1	unrelated	-	reviewed_outside_changed_term_local_context_diagnostic_or_zeta_payload	npa-core/crates/npa-api/src/complexity_obligation.rs	8	1
npa.core-expr-artifact.v0.1	bump	npa.core-expr-artifact.v0.2	artifact_parser_schema_must_reject_retired_core_node	npa-core/crates/npa-api/src/proof_skeleton.rs	12	1
npa.core-expr.canonical-bytes.v0.1	bump	npa.core-expr.canonical-bytes.v0.2	artifact_parser_schema_must_reject_retired_core_node	npa-core/crates/npa-api/src/proof_skeleton.rs	11	1
npa.core.v0.1	unrelated	-	reviewed_outside_changed_term_local_context_diagnostic_or_zeta_payload	npa-core/crates/npa-api/src/package_artifacts.rs	2336	50
npa.core.v0.2	unrelated	-	reviewed_outside_changed_term_local_context_diagnostic_or_zeta_payload	npa-core/crates/npa-package/src/export_summary.rs	917	2
npa.core.v0.3	unrelated	-	reviewed_outside_changed_term_local_context_diagnostic_or_zeta_payload	npa-core/crates/npa-package/src/export_summary.rs	922	2
npa.core.v9	unrelated	-	reviewed_outside_changed_term_local_context_diagnostic_or_zeta_payload	npa-core/crates/npa-package/src/targeted_authoring_cache/context.rs	3259	1
npa.counterexample-result.identity.v1	unrelated	-	reviewed_outside_changed_term_local_context_diagnostic_or_zeta_payload	npa-core/crates/npa-api/src/counterexample_gate.rs	12	1
npa.counterexample-result.v1	unrelated	-	reviewed_outside_changed_term_local_context_diagnostic_or_zeta_payload	npa-core/crates/npa-api/src/counterexample_gate.rs	9	1
npa.counterexample-search-profile.identity.v1	unrelated	-	reviewed_outside_changed_term_local_context_diagnostic_or_zeta_payload	npa-core/crates/npa-api/src/counterexample_gate.rs	11	1
npa.dead-end-ledger-record.identity.v1	unrelated	-	reviewed_outside_changed_term_local_context_diagnostic_or_zeta_payload	npa-core/crates/npa-api/src/research_notebook.rs	11	1
npa.dead-end-ledger-record.v1	unrelated	-	reviewed_outside_changed_term_local_context_diagnostic_or_zeta_payload	npa-core/crates/npa-api/src/research_notebook.rs	10	1
npa.diagnostic_profile_benchmark.v1	unrelated	-	reviewed_outside_changed_term_local_context_diagnostic_or_zeta_payload	npa-core/crates/npa-api/src/tactic.rs	1573	1
npa.encoding-audit-record.identity.v1	unrelated	-	reviewed_outside_changed_term_local_context_diagnostic_or_zeta_payload	npa-core/crates/npa-api/src/encoding_audit.rs	9	1
npa.encoding-audit-record.v1	unrelated	-	reviewed_outside_changed_term_local_context_diagnostic_or_zeta_payload	npa-core/crates/npa-api/src/encoding_audit.rs	8	1
npa.experiment-artifact.identity.v1	unrelated	-	reviewed_outside_changed_term_local_context_diagnostic_or_zeta_payload	npa-core/crates/npa-api/src/experiment_artifact.rs	9	1
npa.experiment-artifact.v1	unrelated	-	reviewed_outside_changed_term_local_context_diagnostic_or_zeta_payload	npa-core/crates/npa-api/src/experiment_artifact.rs	8	1
npa.failure-memory.candidate-shape-hash.v1	retain-with-domain-separated-child	npa.failure-memory.candidate-shape-hash.v1	unchanged_cache_or_candidate_identity_commits_new_diagnostic_state_context_or_reparsed_payload_hashes	npa-core/crates/npa-api/src/tactic.rs	1555	1
npa.failure-memory.key-hash.v1	bump	npa.failure-memory.key-hash.v2	hashes_changed_failure_memory_canonical_bytes	npa-core/crates/npa-api/src/tactic.rs	1553	1
npa.failure_memory.v1	bump	npa.failure_memory.v2	inline_machine_api_error_vocabulary_changes	npa-core/crates/npa-api/src/tactic.rs	1552	1
npa.fast-loop-measurement.v1	unrelated	-	reviewed_outside_changed_term_local_context_diagnostic_or_zeta_payload	npa-core/crates/npa-api/src/fast_loop_measurement.rs	22	1
npa.fast-loop-measurement.v1.1	unrelated	-	reviewed_outside_changed_term_local_context_diagnostic_or_zeta_payload	npa-core/crates/npa-api/src/fast_loop_measurement.rs	23	1
npa.fast-loop-measurement.v2	unrelated	-	reviewed_outside_changed_term_local_context_diagnostic_or_zeta_payload	npa-core/crates/npa-api/src/fast_loop_measurement.rs	21	1
npa.fast-loop-measurement.v3	unrelated	-	reviewed_outside_changed_term_local_context_diagnostic_or_zeta_payload	npa-core/crates/npa-api/src/fast_loop_measurement.rs	883	1
npa.fast-shard-cost.v1	unrelated	-	reviewed_outside_changed_term_local_context_diagnostic_or_zeta_payload	npa-core/crates/npa-api/src/performance_measurement.rs	593	5
npa.fast-shard-memory.v1	unrelated	-	reviewed_outside_changed_term_local_context_diagnostic_or_zeta_payload	npa-core/crates/npa-api/src/package_verifier.rs	15556	8
npa.fast-shard-memory.v2-term-materialization	unrelated	-	reviewed_outside_changed_term_local_context_diagnostic_or_zeta_payload	npa-core/crates/npa-api/src/package_verifier.rs	15560	7
npa.fast-shard-memory.v3-term-materialization-prepared-retention	unrelated	-	reviewed_outside_changed_term_local_context_diagnostic_or_zeta_payload	npa-core/crates/npa-api/examples/support/term_dag_performance.rs	44	10
npa.focused_replay_failure_artifact.v2	bump	npa.focused_replay_failure_artifact.v3	embeds_changed_minimal_artifact_bytes_inline	npa-core/crates/npa-api/src/tactic.rs	1559	1
npa.frontend.authoring.v0.1	unrelated	-	reviewed_outside_changed_term_local_context_diagnostic_or_zeta_payload	npa-core/crates/npa-package/src/targeted_authoring_cache.rs	1622	1
npa.frontend.human_authoring_interface_abi.v1	bump	npa.frontend.human_authoring_interface_abi.v2	human_source_grammar_and_local_shape_change	npa-core/crates/npa-cli/src/package_build_cache.rs	2453	4
npa.frontend.human_source_interface.v1	unrelated	-	reviewed_outside_changed_term_local_context_diagnostic_or_zeta_payload	npa-core/crates/npa-package/src/targeted_authoring_cache/context.rs	61	1
npa.frontend.machine-term-source.v1	bump	npa.frontend.machine-term-source.v2	inline_machine_term_ast_loses_let	npa-core/crates/npa-frontend/src/term_source.rs	7	1
npa.frontend.synthetic_certificate_fallback_interface.v1	unrelated	-	reviewed_outside_changed_term_local_context_diagnostic_or_zeta_payload	npa-core/crates/npa-package/src/targeted_authoring_cache/context.rs	64	1
npa.generated_artifact_release_manifest.v0.1	unrelated	-	reviewed_outside_changed_term_local_context_diagnostic_or_zeta_payload	npa-core/crates/npa-cli/src/release_manifest.rs	16	2
npa.generated_artifact_release_manifest.v0.2	bump	npa.generated_artifact_release_manifest.v0.3	current_host_and_nested_schema_mapping_changes	npa-core/crates/npa-cli/src/checker_ext_toolchain_evidence.rs	3312	4
npa.generated_artifact_release_manifest.validation.v0.1	bump	npa.generated_artifact_release_manifest.validation.v0.2	validator_rejects_retired_0_7_and_0_8_hosts	npa-core/crates/npa-cli/src/release_manifest.rs	18	2
npa.hard_negative_export.v1	bump	npa.hard_negative_export.v2	inline_machine_api_error_vocabulary_changes	npa-core/crates/npa-api/src/tactic.rs	1570	1
npa.human-api.compile-options.v2	retain-with-domain-separated-child	npa.human-api.compile-options.v2	unchanged_option_layout_embeds_the_new_kernel_profile_identity	npa-core/crates/npa-api/src/human.rs	6130	1
npa.human-api.display.v1	bump	npa.human-api.display.v2	inline_local_or_display_shape_becomes_assumption_only	npa-core/crates/npa-api/src/types.rs	38	1
npa.human-api.document-core-decl.v2	retain-with-domain-separated-child	npa.human-api.document-core-decl.v2	incremental_document_hash_commits_the_new_pair_interface_hashes_or_v2_parser_boundary	npa-core/crates/npa-api/src/human.rs	6095	1
npa.human-api.document-dependency-selective.v1	retain-with-domain-separated-child	npa.human-api.document-dependency-selective.v1	incremental_document_hash_commits_the_new_pair_interface_hashes_or_v2_parser_boundary	npa-core/crates/npa-api/src/human.rs	6109	1
npa.human-api.document-import-interface.v2	retain-with-domain-separated-child	npa.human-api.document-import-interface.v2	incremental_document_hash_commits_the_new_pair_interface_hashes_or_v2_parser_boundary	npa-core/crates/npa-api/src/human.rs	6032	1
npa.human-api.document-resolved-decl.v2	retain-with-domain-separated-child	npa.human-api.document-resolved-decl.v2	incremental_document_hash_commits_the_new_pair_interface_hashes_or_v2_parser_boundary	npa-core/crates/npa-api/src/human.rs	6083	1
npa.human-api.document-source-decl.v2	retain-with-domain-separated-child	npa.human-api.document-source-decl.v2	incremental_document_hash_commits_the_new_pair_interface_hashes_or_v2_parser_boundary	npa-core/crates/npa-api/src/human.rs	6060	1
npa.human-api.formalization.ambiguity-report.v1	unrelated	-	reviewed_outside_changed_term_local_context_diagnostic_or_zeta_payload	npa-core/crates/npa-api/src/human.rs	7615	1
npa.human-api.formalization.intent-certificate.v1	unrelated	-	reviewed_outside_changed_term_local_context_diagnostic_or_zeta_payload	npa-core/crates/npa-api/src/human.rs	7621	1
npa.human-api.formalization.reverse-translation.v1	unrelated	-	reviewed_outside_changed_term_local_context_diagnostic_or_zeta_payload	npa-core/crates/npa-api/src/human.rs	7611	1
npa.human-api.theorem-dependency.v1	unrelated	-	reviewed_outside_changed_term_local_context_diagnostic_or_zeta_payload	npa-core/crates/npa-api/src/human.rs	5616	1
npa.human-api.theorem-index-entry.v1	retain-with-domain-separated-child	npa.human-api.theorem-index-entry.v1	unchanged_index_layout_commits_rebuilt_certificate_or_core_child_hashes	npa-core/crates/npa-api/src/human.rs	5580	1
npa.human-api.theorem-index.v1	retain-with-domain-separated-child	npa.human-api.theorem-index.v1	unchanged_index_layout_commits_rebuilt_certificate_or_core_child_hashes	npa-core/crates/npa-api/src/human.rs	5561	1
npa.human-ide-api.v1	bump	npa.human-ide-api.v2	inline_local_or_display_shape_becomes_assumption_only	npa-core/crates/npa-api/src/human_ide.rs	20	1
npa.independent-checker.ai_audit_input_policy.v1	unrelated	-	reviewed_outside_changed_term_local_context_diagnostic_or_zeta_payload	npa-core/crates/npa-api/src/independent_checker.rs	49	1
npa.independent-checker.ai_audit_prompt_input.v1	unrelated	-	reviewed_outside_changed_term_local_context_diagnostic_or_zeta_payload	npa-core/crates/npa-api/src/independent_checker.rs	53	1
npa.independent-checker.ai_audit_sidecar.v1	unrelated	-	reviewed_outside_changed_term_local_context_diagnostic_or_zeta_payload	npa-core/crates/npa-api/src/independent_checker.rs	51	1
npa.independent-checker.ai_sidecar_diagnostic_evaluation_failure.v1	unrelated	-	reviewed_outside_changed_term_local_context_diagnostic_or_zeta_payload	npa-core/crates/npa-api/src/independent_checker.rs	59	1
npa.independent-checker.ai_sidecar_diagnostic_result.v1	unrelated	-	reviewed_outside_changed_term_local_context_diagnostic_or_zeta_payload	npa-core/crates/npa-api/src/independent_checker.rs	57	1
npa.independent-checker.api_error.v1	unrelated	-	reviewed_outside_changed_term_local_context_diagnostic_or_zeta_payload	npa-core/crates/npa-api/src/independent_checker.rs	100	1
npa.independent-checker.audit_sidecar_validation_result.v1	unrelated	-	reviewed_outside_changed_term_local_context_diagnostic_or_zeta_payload	npa-core/crates/npa-api/src/independent_checker.rs	55	1
npa.independent-checker.auxiliary_result.v1	unrelated	-	reviewed_outside_changed_term_local_context_diagnostic_or_zeta_payload	npa-core/crates/npa-api/src/independent_checker.rs	73	1
npa.independent-checker.auxiliary_result_store_manifest.v1	unrelated	-	reviewed_outside_changed_term_local_context_diagnostic_or_zeta_payload	npa-core/crates/npa-api/src/independent_checker.rs	75	1
npa.independent-checker.axiom_policy.v1	unrelated	-	reviewed_outside_changed_term_local_context_diagnostic_or_zeta_payload	npa-core/checkers/npa-checker-ext/scripts/differential.sh	394	29
npa.independent-checker.axiom_report.v1	unrelated	-	reviewed_outside_changed_term_local_context_diagnostic_or_zeta_payload	npa-core/crates/npa-api/src/independent_checker.rs	36	2
npa.independent-checker.axiom_report_store_manifest.v1	unrelated	-	reviewed_outside_changed_term_local_context_diagnostic_or_zeta_payload	npa-core/crates/npa-api/src/independent_checker.rs	38	1
npa.independent-checker.bad_imports.v1	unrelated	-	reviewed_outside_changed_term_local_context_diagnostic_or_zeta_payload	npa-core/crates/npa-api/src/independent_checker.rs	36858	1
npa.independent-checker.challenge_coverage_summary.v1	unrelated	-	reviewed_outside_changed_term_local_context_diagnostic_or_zeta_payload	npa-core/crates/npa-api/src/independent_checker.rs	91	1
npa.independent-checker.challenge_generation_request.v1	unrelated	-	reviewed_outside_changed_term_local_context_diagnostic_or_zeta_payload	npa-core/crates/npa-api/src/independent_checker.rs	77	1
npa.independent-checker.challenge_generation_result.v1	unrelated	-	reviewed_outside_changed_term_local_context_diagnostic_or_zeta_payload	npa-core/crates/npa-api/src/independent_checker.rs	83	1
npa.independent-checker.challenge_manifest.v1	unrelated	-	reviewed_outside_changed_term_local_context_diagnostic_or_zeta_payload	npa-core/crates/npa-api/src/independent_checker.rs	79	1
npa.independent-checker.challenge_output_store_manifest.v1	unrelated	-	reviewed_outside_changed_term_local_context_diagnostic_or_zeta_payload	npa-core/crates/npa-api/src/independent_checker.rs	81	1
npa.independent-checker.challenge_replay_result.v1	unrelated	-	reviewed_outside_changed_term_local_context_diagnostic_or_zeta_payload	npa-core/crates/npa-api/src/independent_checker.rs	87	1
npa.independent-checker.challenge_replay_store_manifest.v1	unrelated	-	reviewed_outside_changed_term_local_context_diagnostic_or_zeta_payload	npa-core/crates/npa-api/src/independent_checker.rs	89	1
npa.independent-checker.challenge_request_materialization_result.v1	unrelated	-	reviewed_outside_changed_term_local_context_diagnostic_or_zeta_payload	npa-core/crates/npa-api/src/independent_checker.rs	85	1
npa.independent-checker.checker_binary_registry.v1	unrelated	-	reviewed_outside_changed_term_local_context_diagnostic_or_zeta_payload	npa-core/crates/npa-api/src/independent_checker.rs	18	9
npa.independent-checker.checker_identity_manifest.v1	unrelated	-	reviewed_outside_changed_term_local_context_diagnostic_or_zeta_payload	npa-core/crates/npa-api/src/independent_checker.rs	16	5
npa.independent-checker.checker_raw_result.v1	unrelated	-	reviewed_outside_changed_term_local_context_diagnostic_or_zeta_payload	npa-core/crates/npa-api/src/independent_checker.rs	29	19
npa.independent-checker.checker_raw_result.v2	retain-with-domain-separated-child	npa.independent-checker.checker_raw_result.v2	unchanged_result_shape_carries_new_checker_capability_and_input_pair	npa-core/checkers/npa-checker-ext/src/ext_result.ml	1	10
npa.independent-checker.command_error.v1	unrelated	-	reviewed_outside_changed_term_local_context_diagnostic_or_zeta_payload	npa-core/crates/npa-api/src/independent_checker.rs	99	1
npa.independent-checker.compare_validation_result.v1	unrelated	-	reviewed_outside_changed_term_local_context_diagnostic_or_zeta_payload	npa-core/crates/npa-api/src/independent_checker.rs	47	1
npa.independent-checker.import_lock_manifest.v1	unrelated	-	reviewed_outside_changed_term_local_context_diagnostic_or_zeta_payload	npa-core/crates/npa-api/src/independent_checker.rs	23	3
npa.independent-checker.machine_check_request.v1	unrelated	-	reviewed_outside_changed_term_local_context_diagnostic_or_zeta_payload	npa-core/crates/npa-api/src/independent_checker.rs	25	1
npa.independent-checker.machine_check_request_error_result.v1	unrelated	-	reviewed_outside_changed_term_local_context_diagnostic_or_zeta_payload	npa-core/crates/npa-api/src/independent_checker.rs	95	1
npa.independent-checker.machine_check_result.v1	unrelated	-	reviewed_outside_changed_term_local_context_diagnostic_or_zeta_payload	npa-core/crates/npa-api/src/independent_checker.rs	33	2
npa.independent-checker.machine_result_store_manifest.v1	unrelated	-	reviewed_outside_changed_term_local_context_diagnostic_or_zeta_payload	npa-core/crates/npa-api/src/independent_checker.rs	35	1
npa.independent-checker.normalization_write_result.v1	unrelated	-	reviewed_outside_changed_term_local_context_diagnostic_or_zeta_payload	npa-core/crates/npa-api/src/independent_checker.rs	45	1
npa.independent-checker.normalize_error_result.v1	unrelated	-	reviewed_outside_changed_term_local_context_diagnostic_or_zeta_payload	npa-core/crates/npa-api/src/independent_checker.rs	97	1
npa.independent-checker.normalized_check_result.v1	unrelated	-	reviewed_outside_changed_term_local_context_diagnostic_or_zeta_payload	npa-core/crates/npa-api/src/independent_checker.rs	40	1
npa.independent-checker.normalized_result_store_manifest.v1	unrelated	-	reviewed_outside_changed_term_local_context_diagnostic_or_zeta_payload	npa-core/crates/npa-api/src/independent_checker.rs	43	1
npa.independent-checker.performance_benchmark_summary.v1	unrelated	-	reviewed_outside_changed_term_local_context_diagnostic_or_zeta_payload	npa-core/crates/npa-api/src/independent_checker.rs	93	1
npa.independent-checker.release_audit_bundle_manifest.v1	unrelated	-	reviewed_outside_changed_term_local_context_diagnostic_or_zeta_payload	npa-core/crates/npa-api/src/independent_checker.rs	67	1
npa.independent-checker.release_bundle_staging_plan.v1	unrelated	-	reviewed_outside_changed_term_local_context_diagnostic_or_zeta_payload	npa-core/crates/npa-api/src/independent_checker.rs	63	1
npa.independent-checker.release_bundle_staging_result.v1	unrelated	-	reviewed_outside_changed_term_local_context_diagnostic_or_zeta_payload	npa-core/crates/npa-api/src/independent_checker.rs	65	1
npa.independent-checker.release_policy.v1	unrelated	-	reviewed_outside_changed_term_local_context_diagnostic_or_zeta_payload	npa-core/crates/npa-api/src/independent_checker.rs	61	1
npa.independent-checker.request_store_manifest.v1	unrelated	-	reviewed_outside_changed_term_local_context_diagnostic_or_zeta_payload	npa-core/crates/npa-api/src/independent_checker.rs	27	1
npa.independent-checker.runner_policy.v1	unrelated	-	reviewed_outside_changed_term_local_context_diagnostic_or_zeta_payload	npa-core/crates/npa-api/src/independent_checker.rs	14	6
npa.independent-checker.std-library-audit-check.v1	retain-with-domain-separated-child	npa.independent-checker.std-library-audit-check.v1	unchanged_standard_library_layout_commits_new_profiles_certificate_bytes_or_certificate_derived_hashes	npa-core/crates/npa-api/src/std_library.rs	105	1
npa.independent-checker.std-library-audit-report.v1	retain-with-domain-separated-child	npa.independent-checker.std-library-audit-report.v1	unchanged_standard_library_layout_commits_new_profiles_certificate_bytes_or_certificate_derived_hashes	npa-core/crates/npa-api/src/std_library.rs	106	1
npa.independent-checker.std-library-loaded-release.v1	retain-with-domain-separated-child	npa.independent-checker.std-library-loaded-release.v1	unchanged_standard_library_layout_commits_new_profiles_certificate_bytes_or_certificate_derived_hashes	npa-core/crates/npa-api/src/std_library.rs	2736	1
npa.independent-checker.stdlib-audit.mvp.v1	retain-with-domain-separated-child	npa.independent-checker.stdlib-audit.mvp.v1	unchanged_standard_library_layout_commits_new_profiles_certificate_bytes_or_certificate_derived_hashes	npa-core/crates/npa-api/src/std_library.rs	115	1
npa.independent-checker.training_example.v1	unrelated	-	reviewed_outside_changed_term_local_context_diagnostic_or_zeta_payload	npa-core/crates/npa-api/src/independent_checker.rs	69	1
npa.independent-checker.training_export_manifest.v1	unrelated	-	reviewed_outside_changed_term_local_context_diagnostic_or_zeta_payload	npa-core/crates/npa-api/src/independent_checker.rs	71	1
npa.kernel-fuel-diagnostic.v0.1	bump	npa.kernel-fuel-diagnostic.v0.2	zeta_counter_and_let_head_removed	npa-core/crates/npa-cli/src/diagnostic.rs	12	3
npa.kernel-fuel-diagnostic.v0.2	unrelated	-	reviewed_outside_changed_term_local_context_diagnostic_or_zeta_payload	npa-core/crates/npa-cli/src/release_manifest.rs	4280	1
npa.kernel-memo-limits.v1	unrelated	-	reviewed_outside_changed_term_local_context_diagnostic_or_zeta_payload	npa-core/crates/npa-kernel/src/memo.rs	46	1
npa.kernel-whnf-application-spine.elapsed-baseline.v0.2	unrelated	-	reviewed_outside_changed_term_local_context_diagnostic_or_zeta_payload	npa-core/crates/npa-api/examples/bench_whnf_application_spine.rs	36	1
npa.kernel-whnf-application-spine.elapsed-profile.v0.1	unrelated	-	reviewed_outside_changed_term_local_context_diagnostic_or_zeta_payload	npa-core/crates/npa-api/examples/bench_whnf_application_spine.rs	37	3
npa.kernel-whnf-application-spine.fixtures.v0.1	unrelated	-	reviewed_outside_changed_term_local_context_diagnostic_or_zeta_payload	npa-core/crates/npa-api/examples/bench_whnf_application_spine.rs	31	2
npa.kernel-whnf-application-spine.measurements.v0.1	bump	npa.kernel-whnf-application-spine.measurements.v0.2	inline_kernel_work_payload_removes_zeta_counter	npa-core/crates/npa-api/examples/bench_whnf_application_spine.rs	32	2
npa.kernel-whnf-application-spine.micro-child.v0.1	bump	npa.kernel-whnf-application-spine.micro-child.v0.2	inline_kernel_work_payload_removes_zeta_counter	npa-core/crates/npa-api/examples/bench_whnf_application_spine.rs	33	1
npa.kernel-whnf-application-spine.package-child.v0.1	bump	npa.kernel-whnf-application-spine.package-child.v0.2	inline_kernel_work_payload_removes_zeta_counter	npa-core/crates/npa-api/examples/bench_whnf_application_spine.rs	34	1
npa.kernel-whnf-application-spine.package-compare.v0.1	bump	npa.kernel-whnf-application-spine.package-compare.v0.2	inline_kernel_work_payloads_remove_zeta_counter	npa-core/crates/npa-api/examples/check_whnf_application_spine_package.rs	181	1
npa.kernel-whnf-application-spine.pre-switch-artifact.v0.2	unrelated	-	reviewed_outside_changed_term_local_context_diagnostic_or_zeta_payload	npa-core/crates/npa-api/examples/bench_whnf_application_spine.rs	39	1
npa.kernel-whnf-application-spine.run.v0.2	unrelated	-	reviewed_outside_changed_term_local_context_diagnostic_or_zeta_payload	npa-core/crates/npa-api/examples/bench_whnf_application_spine.rs	35	3
npa.kernel.authoring.v0.1	unrelated	-	reviewed_outside_changed_term_local_context_diagnostic_or_zeta_payload	npa-core/crates/npa-package/src/targeted_authoring_cache.rs	1624	1
npa.kernel.local_authoring_context_abi.v1	bump	npa.kernel.local_authoring_context_abi.v2	local_context_becomes_assumption_only	npa-core/crates/npa-cli/src/package_build_cache.rs	2455	4
npa.kernel.v0.1	unrelated	-	reviewed_outside_changed_term_local_context_diagnostic_or_zeta_payload	npa-core/crates/npa-api/src/package_artifacts.rs	2337	46
npa.kernel.v0.1.builtin-nat-eq-rec	unrelated	-	reviewed_outside_changed_term_local_context_diagnostic_or_zeta_payload	npa-core/crates/npa-api/examples/bench_true_batching.rs	242	15
npa.kernel.v0.1.builtin-none	unrelated	-	reviewed_outside_changed_term_local_context_diagnostic_or_zeta_payload	npa-core/crates/npa-api/src/session.rs	2739	2
npa.kernel.v0.2	unrelated	-	reviewed_outside_changed_term_local_context_diagnostic_or_zeta_payload	npa-core/crates/npa-package/tests/package_manifest.rs	891	2
npa.kernel.v9	unrelated	-	reviewed_outside_changed_term_local_context_diagnostic_or_zeta_payload	npa-core/crates/npa-package/src/targeted_authoring_cache/context.rs	3262	1
npa.l2.review-input.v2	unrelated	-	reviewed_outside_changed_term_local_context_diagnostic_or_zeta_payload	npa-core/crates/npa-cli/src/package_l2_review_input.rs	351	3
npa.l2.review-report.v1	unrelated	-	reviewed_outside_changed_term_local_context_diagnostic_or_zeta_payload	npa-core/crates/npa-cli/tests/package_l2_promotion_flow.rs	171	3
npa.l2.subagent-review.v1	unrelated	-	reviewed_outside_changed_term_local_context_diagnostic_or_zeta_payload	npa-core/crates/npa-package/src/l2_acceptance.rs	33	1
npa.l2.subagent-review.v2	unrelated	-	reviewed_outside_changed_term_local_context_diagnostic_or_zeta_payload	npa-core/crates/npa-cli/src/package_l2_acceptance_aggregate.rs	183	5
npa.l2_acceptance.v1	unrelated	-	reviewed_outside_changed_term_local_context_diagnostic_or_zeta_payload	npa-core/crates/npa-package/src/schema.rs	28	2
npa.l2_acceptance.v2	unrelated	-	reviewed_outside_changed_term_local_context_diagnostic_or_zeta_payload	npa-core/crates/npa-cli/src/package_l2_acceptance_aggregate.rs	362	8
npa.l2_acceptance.validator.v1	unrelated	-	reviewed_outside_changed_term_local_context_diagnostic_or_zeta_payload	npa-core/crates/npa-package/src/l2_acceptance.rs	30	1
npa.l2_acceptance.validator.v2	unrelated	-	reviewed_outside_changed_term_local_context_diagnostic_or_zeta_payload	npa-core/crates/npa-cli/src/package_l2_acceptance_aggregate.rs	182	3
npa.l2_acceptance_policy.v1	unrelated	-	reviewed_outside_changed_term_local_context_diagnostic_or_zeta_payload	npa-core/crates/npa-package/src/l2_acceptance.rs	907	3
npa.l2_namespace_transport.validator.v1	unrelated	-	reviewed_outside_changed_term_local_context_diagnostic_or_zeta_payload	npa-core/crates/npa-package/src/l2_namespace_transport.rs	795	2
npa.l2_namespace_transport_attestation.v2	unrelated	-	reviewed_outside_changed_term_local_context_diagnostic_or_zeta_payload	npa-core/crates/npa-cli/src/package_l2_namespace_transport.rs	728	4
npa.l2_namespace_transport_policy.v1	unrelated	-	reviewed_outside_changed_term_local_context_diagnostic_or_zeta_payload	npa-core/crates/npa-package/src/schema.rs	40	2
npa.l2_namespace_transport_request.v1	unrelated	-	reviewed_outside_changed_term_local_context_diagnostic_or_zeta_payload	npa-core/crates/npa-cli/src/package_promotion_materialize.rs	5094	7
npa.lean.command_result.v0.1	retain-with-domain-separated-child	npa.lean.command_result.v0.1	unchanged_envelope_commits_new_export_manifest_by_hash_and_path	npa-lean-exporter/crates/npa-lean-exporter/src/install.rs	92	2
npa.lean.export.v0.1	unrelated	-	reviewed_outside_changed_term_local_context_diagnostic_or_zeta_payload	npa-lean-exporter/crates/npa-lean-exporter-cli/tests/cli.rs	556	2
npa.lean.export.v0.2	bump	npa.lean.export.v0.3	exporter_accepts_only_v0_4_let_free_closures	npa-lean-exporter/crates/npa-lean-exporter-cli/tests/cli.rs	405	4
npa.lean.native.v0.1	unrelated	-	reviewed_outside_changed_term_local_context_diagnostic_or_zeta_payload	npa-lean-exporter/crates/npa-lean-exporter-cli/tests/cli.rs	558	2
npa.lean.native.v0.2	bump	npa.lean.native.v0.3	exporter_accepts_only_v0_4_let_free_closures	npa-lean-exporter/crates/npa-lean-exporter-cli/tests/cli.rs	407	3
npa.library-growth.budget.pg012.hash.v1	unrelated	-	reviewed_outside_changed_term_local_context_diagnostic_or_zeta_payload	npa-core/crates/npa-api/src/library_growth.rs	2651	1
npa.library-growth.budget.pg012.v1	unrelated	-	reviewed_outside_changed_term_local_context_diagnostic_or_zeta_payload	npa-core/crates/npa-api/src/library_growth.rs	267	1
npa.library-growth.corpus-alias-proposal.hash.v1	unrelated	-	reviewed_outside_changed_term_local_context_diagnostic_or_zeta_payload	npa-core/crates/npa-api/src/library_growth.rs	4925	1
npa.library-growth.corpus-alias-proposal.v1	unrelated	-	reviewed_outside_changed_term_local_context_diagnostic_or_zeta_payload	npa-core/crates/npa-api/src/library_growth.rs	279	1
npa.library-growth.corpus-deprecated-theorem-index-entry.hash.v1	unrelated	-	reviewed_outside_changed_term_local_context_diagnostic_or_zeta_payload	npa-core/crates/npa-api/src/library_growth.rs	5025	1
npa.library-growth.corpus-deprecated-theorem-index-entry.v1	unrelated	-	reviewed_outside_changed_term_local_context_diagnostic_or_zeta_payload	npa-core/crates/npa-api/src/library_growth.rs	283	1
npa.library-growth.corpus-deprecation-record.hash.v1	unrelated	-	reviewed_outside_changed_term_local_context_diagnostic_or_zeta_payload	npa-core/crates/npa-api/src/library_growth.rs	4953	1
npa.library-growth.corpus-deprecation-record.v1	unrelated	-	reviewed_outside_changed_term_local_context_diagnostic_or_zeta_payload	npa-core/crates/npa-api/src/library_growth.rs	281	1
npa.library-growth.corpus-theorem-index-history.hash.v1	unrelated	-	reviewed_outside_changed_term_local_context_diagnostic_or_zeta_payload	npa-core/crates/npa-api/src/library_growth.rs	4998	1
npa.library-growth.corpus-theorem-index-history.v1	unrelated	-	reviewed_outside_changed_term_local_context_diagnostic_or_zeta_payload	npa-core/crates/npa-api/src/library_growth.rs	4991	1
npa.library-growth.gap-signal.hash.v1	unrelated	-	reviewed_outside_changed_term_local_context_diagnostic_or_zeta_payload	npa-core/crates/npa-api/src/library_growth.rs	2118	1
npa.library-growth.gap-signal.v1	unrelated	-	reviewed_outside_changed_term_local_context_diagnostic_or_zeta_payload	npa-core/crates/npa-api/src/library_growth.rs	18	1
npa.library-growth.generalized-statement.hash.v1	bump	npa.library-growth.generalized-statement.hash.v2	inline_local_value_hash_or_generalization_grammar_removed	npa-core/crates/npa-api/src/library_growth.rs	6113	1
npa.library-growth.generalized-statement.v1	bump	npa.library-growth.generalized-statement.v2	inline_local_value_hash_or_generalization_grammar_removed	npa-core/crates/npa-api/src/library_growth.rs	262	1
npa.library-growth.lemma-generalization-input.hash.v1	bump	npa.library-growth.lemma-generalization-input.hash.v2	inline_local_value_hash_or_generalization_grammar_removed	npa-core/crates/npa-api/src/library_growth.rs	2501	1
npa.library-growth.lemma-generalization-input.v1	bump	npa.library-growth.lemma-generalization-input.v2	inline_local_value_hash_or_generalization_grammar_removed	npa-core/crates/npa-api/src/library_growth.rs	261	1
npa.library-growth.promotion-judgment-input.hash.v1	unrelated	-	reviewed_outside_changed_term_local_context_diagnostic_or_zeta_payload	npa-core/crates/npa-api/src/library_growth.rs	5062	1
npa.library-growth.promotion-judgment-input.v1	unrelated	-	reviewed_outside_changed_term_local_context_diagnostic_or_zeta_payload	npa-core/crates/npa-api/src/library_growth.rs	271	1
npa.library-growth.promotion-judgment-report.hash.v1	unrelated	-	reviewed_outside_changed_term_local_context_diagnostic_or_zeta_payload	npa-core/crates/npa-api/src/library_growth.rs	2950	1
npa.library-growth.promotion-judgment-report.v1	unrelated	-	reviewed_outside_changed_term_local_context_diagnostic_or_zeta_payload	npa-core/crates/npa-api/src/library_growth.rs	273	1
npa.library-growth.promotion-metadata-consistency-report.hash.v1	unrelated	-	reviewed_outside_changed_term_local_context_diagnostic_or_zeta_payload	npa-core/crates/npa-api/src/library_growth.rs	3055	1
npa.library-growth.promotion-metadata-consistency-report.v1	unrelated	-	reviewed_outside_changed_term_local_context_diagnostic_or_zeta_payload	npa-core/crates/npa-api/src/library_growth.rs	276	1
npa.library-growth.promotion-metadata.hash.v1	unrelated	-	reviewed_outside_changed_term_local_context_diagnostic_or_zeta_payload	npa-core/crates/npa-api/src/library_growth.rs	4252	1
npa.library-growth.promotion-metadata.v1	unrelated	-	reviewed_outside_changed_term_local_context_diagnostic_or_zeta_payload	npa-core/crates/npa-api/src/library_growth.rs	274	1
npa.library-growth.promotion-ranking-identity.hash.v1	unrelated	-	reviewed_outside_changed_term_local_context_diagnostic_or_zeta_payload	npa-core/crates/npa-api/src/library_growth.rs	4761	1
npa.library-growth.promotion-ranking-identity.v1	unrelated	-	reviewed_outside_changed_term_local_context_diagnostic_or_zeta_payload	npa-core/crates/npa-api/src/library_growth.rs	4753	1
npa.library-growth.promotion-ranking-profile.hash.v1	unrelated	-	reviewed_outside_changed_term_local_context_diagnostic_or_zeta_payload	npa-core/crates/npa-api/src/library_growth.rs	3146	1
npa.library-growth.promotion-ranking-report.hash.v1	unrelated	-	reviewed_outside_changed_term_local_context_diagnostic_or_zeta_payload	npa-core/crates/npa-api/src/library_growth.rs	3165	1
npa.library-growth.promotion-ranking-report.v1	unrelated	-	reviewed_outside_changed_term_local_context_diagnostic_or_zeta_payload	npa-core/crates/npa-api/src/library_growth.rs	278	1
npa.library-growth.promotion-ranking.pg014.v1	unrelated	-	reviewed_outside_changed_term_local_context_diagnostic_or_zeta_payload	npa-core/crates/npa-api/src/library_growth.rs	277	1
npa.library-growth.public-compatibility-decision.hash.v1	unrelated	-	reviewed_outside_changed_term_local_context_diagnostic_or_zeta_payload	npa-core/crates/npa-api/src/library_growth.rs	4982	1
npa.library-growth.public-compatibility-decision.v1	unrelated	-	reviewed_outside_changed_term_local_context_diagnostic_or_zeta_payload	npa-core/crates/npa-api/src/library_growth.rs	285	1
npa.library-growth.reuse-score-input.hash.v1	unrelated	-	reviewed_outside_changed_term_local_context_diagnostic_or_zeta_payload	npa-core/crates/npa-api/src/library_growth.rs	2612	1
npa.library-growth.reuse-score-input.v1	unrelated	-	reviewed_outside_changed_term_local_context_diagnostic_or_zeta_payload	npa-core/crates/npa-api/src/library_growth.rs	265	1
npa.library-growth.reuse-score-report.hash.v1	unrelated	-	reviewed_outside_changed_term_local_context_diagnostic_or_zeta_payload	npa-core/crates/npa-api/src/library_growth.rs	2676	1
npa.library-growth.reuse-score-report.v1	unrelated	-	reviewed_outside_changed_term_local_context_diagnostic_or_zeta_payload	npa-core/crates/npa-api/src/library_growth.rs	266	1
npa.library-growth.statement-normalization-report.hash.v1	bump	npa.library-growth.statement-normalization-report.hash.v2	inline_local_value_hash_or_generalization_grammar_removed	npa-core/crates/npa-api/src/library_growth.rs	2582	1
npa.library-growth.statement-normalization-report.v1	bump	npa.library-growth.statement-normalization-report.v2	inline_local_value_hash_or_generalization_grammar_removed	npa-core/crates/npa-api/src/library_growth.rs	264	1
npa.library-growth.subgoal-cluster-key.hash.v1	unrelated	-	reviewed_outside_changed_term_local_context_diagnostic_or_zeta_payload	npa-core/crates/npa-api/src/library_growth.rs	2078	1
npa.library-growth.subgoal-cluster-key.v1	unrelated	-	reviewed_outside_changed_term_local_context_diagnostic_or_zeta_payload	npa-core/crates/npa-api/src/library_growth.rs	13	1
npa.library-growth.subgoal-cluster-local-context.hash.v1	unrelated	-	reviewed_outside_changed_term_local_context_diagnostic_or_zeta_payload	npa-core/crates/npa-api/src/library_growth.rs	2091	1
npa.library-growth.subgoal-cluster-local-context.v1	unrelated	-	reviewed_outside_changed_term_local_context_diagnostic_or_zeta_payload	npa-core/crates/npa-api/src/library_growth.rs	15	1
npa.library-growth.subgoal-cluster-parent-example.hash.v1	unrelated	-	reviewed_outside_changed_term_local_context_diagnostic_or_zeta_payload	npa-core/crates/npa-api/src/library_growth.rs	2104	1
npa.library-growth.subgoal-cluster-parent-example.v1	unrelated	-	reviewed_outside_changed_term_local_context_diagnostic_or_zeta_payload	npa-core/crates/npa-api/src/library_growth.rs	17	1
npa.library-growth.theorem-duplicate-identity.hash.v1	unrelated	-	reviewed_outside_changed_term_local_context_diagnostic_or_zeta_payload	npa-core/crates/npa-api/src/library_growth.rs	2761	1
npa.library-growth.theorem-duplicate-identity.v1	unrelated	-	reviewed_outside_changed_term_local_context_diagnostic_or_zeta_payload	npa-core/crates/npa-api/src/library_growth.rs	269	1
npa.library-growth.theorem-duplicate-report.hash.v1	unrelated	-	reviewed_outside_changed_term_local_context_diagnostic_or_zeta_payload	npa-core/crates/npa-api/src/library_growth.rs	2793	1
npa.library-growth.theorem-duplicate-report.v1	unrelated	-	reviewed_outside_changed_term_local_context_diagnostic_or_zeta_payload	npa-core/crates/npa-api/src/library_growth.rs	270	1
npa.local-lemma.available-dependency-identity.hash.v1	retain-with-domain-separated-child	npa.local-lemma.available-dependency-identity.hash.v1	unchanged_local_lemma_lifecycle_layout_commits_new_environment_candidate_certificate_or_verifier_hashes	npa-core/crates/npa-api/src/trust.rs	2159	1
npa.local-lemma.available-dependency-identity.v1	retain-with-domain-separated-child	npa.local-lemma.available-dependency-identity.v1	unchanged_local_lemma_lifecycle_layout_commits_new_environment_candidate_certificate_or_verifier_hashes	npa-core/crates/npa-api/src/trust.rs	655	1
npa.local-lemma.axiom-summary.hash.v1	unrelated	-	reviewed_outside_changed_term_local_context_diagnostic_or_zeta_payload	npa-core/crates/npa-api/src/trust.rs	2238	1
npa.local-lemma.axiom-summary.v1	unrelated	-	reviewed_outside_changed_term_local_context_diagnostic_or_zeta_payload	npa-core/crates/npa-api/src/trust.rs	660	1
npa.local-lemma.generalized-context.hash.v1	unrelated	-	reviewed_outside_changed_term_local_context_diagnostic_or_zeta_payload	npa-core/crates/npa-api/src/trust.rs	2178	1
npa.local-lemma.generalized-context.v1	unrelated	-	reviewed_outside_changed_term_local_context_diagnostic_or_zeta_payload	npa-core/crates/npa-api/src/trust.rs	656	1
npa.local-lemma.proof-task-handoff.hash.v1	retain-with-domain-separated-child	npa.local-lemma.proof-task-handoff.hash.v1	unchanged_local_lemma_lifecycle_layout_commits_new_environment_candidate_certificate_or_verifier_hashes	npa-core/crates/npa-api/src/trust.rs	2221	1
npa.local-lemma.proof-task-handoff.v1	retain-with-domain-separated-child	npa.local-lemma.proof-task-handoff.v1	unchanged_local_lemma_lifecycle_layout_commits_new_environment_candidate_certificate_or_verifier_hashes	npa-core/crates/npa-api/src/trust.rs	659	1
npa.local-lemma.proof-task-identity.hash.v1	retain-with-domain-separated-child	npa.local-lemma.proof-task-identity.hash.v1	unchanged_local_lemma_lifecycle_layout_commits_new_environment_candidate_certificate_or_verifier_hashes	npa-core/crates/npa-api/src/trust.rs	2131	1
npa.local-lemma.proof-task-identity.v1	retain-with-domain-separated-child	npa.local-lemma.proof-task-identity.v1	unchanged_local_lemma_lifecycle_layout_commits_new_environment_candidate_certificate_or_verifier_hashes	npa-core/crates/npa-api/src/trust.rs	651	1
npa.local-lemma.source-free-verifier-result.hash.v1	retain-with-domain-separated-child	npa.local-lemma.source-free-verifier-result.hash.v1	unchanged_local_lemma_lifecycle_layout_commits_new_environment_candidate_certificate_or_verifier_hashes	npa-core/crates/npa-api/src/trust.rs	2145	1
npa.local-lemma.source-free-verifier-result.v1	retain-with-domain-separated-child	npa.local-lemma.source-free-verifier-result.v1	unchanged_local_lemma_lifecycle_layout_commits_new_environment_candidate_certificate_or_verifier_hashes	npa-core/crates/npa-api/src/trust.rs	653	1
npa.local-lemma.verification-command.hash.v1	unrelated	-	reviewed_outside_changed_term_local_context_diagnostic_or_zeta_payload	npa-core/crates/npa-api/src/trust.rs	2190	1
npa.local-lemma.verification-command.v1	unrelated	-	reviewed_outside_changed_term_local_context_diagnostic_or_zeta_payload	npa-core/crates/npa-api/src/trust.rs	658	1
npa.local-lemma.verified-artifact-record.hash.v1	retain-with-domain-separated-child	npa.local-lemma.verified-artifact-record.hash.v1	unchanged_local_lemma_lifecycle_layout_commits_new_environment_candidate_certificate_or_verifier_hashes	npa-core/crates/npa-api/src/trust.rs	2258	1
npa.local-lemma.verified-artifact-record.v1	retain-with-domain-separated-child	npa.local-lemma.verified-artifact-record.v1	unchanged_local_lemma_lifecycle_layout_commits_new_environment_candidate_certificate_or_verifier_hashes	npa-core/crates/npa-api/src/trust.rs	662	1
npa.machine-api.api-diagnostic.v1	bump	npa.machine-api.api-diagnostic.v2	closed_error_vocabulary_adds_removed_term_let	npa-core/crates/npa-api/src/diagnostic.rs	27	1
npa.machine-api.axiom-ref-wire.v1	retain-with-domain-separated-child	npa.machine-api.axiom-ref-wire.v1	unchanged_standard_library_layout_commits_new_profiles_certificate_bytes_or_certificate_derived_hashes	npa-core/crates/npa-api/src/current.rs	1208	3
npa.machine-api.certified-env-decl-hashes-summary.v1	unrelated	-	reviewed_outside_changed_term_local_context_diagnostic_or_zeta_payload	npa-core/crates/npa-api/src/projection.rs	756	1
npa.machine-api.checked-current-decl-package.canonical.v6.hex	bump	npa.machine-api.checked-current-decl-package.canonical.v7.hex	json_canonical_encoding_tracks_checked_package_v7	npa-core/crates/npa-api/src/session.rs	688	2
npa.machine-api.checked-current-decl-package.v6	bump	npa.machine-api.checked-current-decl-package.v7	checked_package_semantic_epoch_and_embedded_core_change	npa-core/crates/npa-api/src/current.rs	522	3
npa.machine-api.checked-machine-proof-root.v1	retain-with-domain-separated-child	npa.machine-api.checked-machine-proof-root.v1	no_removed_field_and_changed_core_context_or_source_is_a_separated_hash	npa-core/crates/npa-api/src/types.rs	2571	1
npa.machine-api.current-core-decl-package.level-table.v1	retain-with-domain-separated-child	npa.machine-api.current-core-decl-package.level-table.v1	subencoding_byte_grammar_unchanged_and_parent_package_or_term_table_is_bumped	npa-core/crates/npa-api/src/current.rs	1119	2
npa.machine-api.current-core-decl-package.name-table.v1	retain-with-domain-separated-child	npa.machine-api.current-core-decl-package.name-table.v1	subencoding_byte_grammar_unchanged_and_parent_package_or_term_table_is_bumped	npa-core/crates/npa-api/src/current.rs	1117	2
npa.machine-api.current-core-decl-package.root-decl.v1	retain-with-domain-separated-child	npa.machine-api.current-core-decl-package.root-decl.v1	subencoding_byte_grammar_unchanged_and_parent_package_or_term_table_is_bumped	npa-core/crates/npa-api/src/current.rs	1123	2
npa.machine-api.current-core-decl-package.term-table.v1	bump	npa.machine-api.current-core-decl-package.term-table.v2	inline_term_table_grammar_loses_tag_6	npa-core/crates/npa-api/src/current.rs	1121	2
npa.machine-api.current-core-decl-package.v1	bump	npa.machine-api.current-core-decl-package.v2	package_embeds_changed_term_table_bytes	npa-core/crates/npa-api/src/current.rs	1116	2
npa.machine-api.current-decl-dependency-entry.v2	unrelated	-	reviewed_outside_changed_term_local_context_diagnostic_or_zeta_payload	npa-core/crates/npa-api/src/current.rs	1142	2
npa.machine-api.current-decl-dependency-report.v5	unrelated	-	reviewed_outside_changed_term_local_context_diagnostic_or_zeta_payload	npa-core/crates/npa-api/src/current.rs	1138	2
npa.machine-api.decoded-name-table.v1	unrelated	-	reviewed_outside_changed_term_local_context_diagnostic_or_zeta_payload	npa-core/crates/npa-api/src/projection.rs	657	1
npa.machine-api.dependency-ref-wire.v2	unrelated	-	reviewed_outside_changed_term_local_context_diagnostic_or_zeta_payload	npa-core/crates/npa-api/src/current.rs	1179	2
npa.machine-api.display.v1	bump	npa.machine-api.display.v2	inline_local_or_display_shape_becomes_assumption_only	npa-core/crates/npa-api/src/types.rs	37	1
npa.machine-api.export-signature-summary.v1	unrelated	-	reviewed_outside_changed_term_local_context_diagnostic_or_zeta_payload	npa-core/crates/npa-api/src/projection.rs	624	1
npa.machine-api.focused-replay-failure-artifact.hash.v2	bump	npa.machine-api.focused-replay-failure-artifact.hash.v3	hashes_changed_focused_replay_artifact_bytes	npa-core/crates/npa-api/src/tactic.rs	1561	1
npa.machine-api.focused-replay.checked-current-decls.hash.v2	retain-with-domain-separated-child	npa.machine-api.focused-replay.checked-current-decls.hash.v2	unchanged_focused_replay_subhash_commits_new_context_pair_certificate_or_checked_declaration_hashes	npa-core/crates/npa-api/src/tactic.rs	3349	1
npa.machine-api.focused-replay.declaration-interface.hash.v1	retain-with-domain-separated-child	npa.machine-api.focused-replay.declaration-interface.hash.v1	unchanged_focused_replay_subhash_commits_new_context_pair_certificate_or_checked_declaration_hashes	npa-core/crates/npa-api/src/tactic.rs	3287	1
npa.machine-api.focused-replay.import-identity.hash.v2	retain-with-domain-separated-child	npa.machine-api.focused-replay.import-identity.hash.v2	unchanged_focused_replay_subhash_commits_new_context_pair_certificate_or_checked_declaration_hashes	npa-core/crates/npa-api/src/tactic.rs	3317	1
npa.machine-api.global-ref-view.v2	unrelated	-	reviewed_outside_changed_term_local_context_diagnostic_or_zeta_payload	npa-core/crates/npa-api/src/renderer.rs	13	1
npa.machine-api.goal-fingerprint.v1	retain-with-domain-separated-child	npa.machine-api.goal-fingerprint.v1	no_removed_field_and_changed_core_context_or_source_is_a_separated_hash	npa-core/crates/npa-api/src/snapshot.rs	33	1
npa.machine-api.hard-negative-export.hash.v1	bump	npa.machine-api.hard-negative-export.hash.v2	hashes_changed_hard_negative_canonical_bytes	npa-core/crates/npa-api/src/tactic.rs	1571	1
npa.machine-api.import-decl-index-table.v1	unrelated	-	reviewed_outside_changed_term_local_context_diagnostic_or_zeta_payload	npa-core/crates/npa-api/src/projection.rs	672	1
npa.machine-api.import-generated-decl-table.v1	unrelated	-	reviewed_outside_changed_term_local_context_diagnostic_or_zeta_payload	npa-core/crates/npa-api/src/projection.rs	724	1
npa.machine-api.import-proposal-candidate.v1	unrelated	-	reviewed_outside_changed_term_local_context_diagnostic_or_zeta_payload	npa-core/crates/npa-api/src/search.rs	9256	1
npa.machine-api.import-proposal-query.v1	unrelated	-	reviewed_outside_changed_term_local_context_diagnostic_or_zeta_payload	npa-core/crates/npa-api/src/search.rs	9163	1
npa.machine-api.import-proposal-rejection.v1	unrelated	-	reviewed_outside_changed_term_local_context_diagnostic_or_zeta_payload	npa-core/crates/npa-api/src/search.rs	9217	1
npa.machine-api.import-proposal.v1	unrelated	-	reviewed_outside_changed_term_local_context_diagnostic_or_zeta_payload	npa-core/crates/npa-api/src/search.rs	51	1
npa.machine-api.lazy-diagnostic-budget.hash.v1	unrelated	-	reviewed_outside_changed_term_local_context_diagnostic_or_zeta_payload	npa-core/crates/npa-api/src/tactic.rs	904	1
npa.machine-api.lazy-diagnostic-budget.v1	unrelated	-	reviewed_outside_changed_term_local_context_diagnostic_or_zeta_payload	npa-core/crates/npa-api/src/tactic.rs	5712	1
npa.machine-api.lazy-diagnostic-cache.v1	retain-with-domain-separated-child	npa.machine-api.lazy-diagnostic-cache.v1	unchanged_cache_or_candidate_identity_commits_new_diagnostic_state_context_or_reparsed_payload_hashes	npa-core/crates/npa-api/src/tactic.rs	902	1
npa.machine-api.local-id.v1	unrelated	-	reviewed_outside_changed_term_local_context_diagnostic_or_zeta_payload	npa-core/crates/npa-api/src/renderer.rs	14	1
npa.machine-api.local-name-map.v1	retain-with-domain-separated-child	npa.machine-api.local-name-map.v1	no_removed_field_and_changed_core_context_or_source_is_a_separated_hash	npa-core/crates/npa-api/src/snapshot.rs	32	1
npa.machine-api.machine-api-options.v1	unrelated	-	reviewed_outside_changed_term_local_context_diagnostic_or_zeta_payload	npa-core/crates/npa-api/src/session.rs	1907	2
npa.machine-api.machine-surface-callable-interface-table.v1	unrelated	-	reviewed_outside_changed_term_local_context_diagnostic_or_zeta_payload	npa-core/crates/npa-frontend/src/callable.rs	8	1
npa.machine-api.minimal-failing-artifact.hash.v2	bump	npa.machine-api.minimal-failing-artifact.hash.v3	hashes_changed_minimal_artifact_bytes	npa-core/crates/npa-api/src/tactic.rs	1558	1
npa.machine-api.premise-expression-universes.v1	unrelated	-	reviewed_outside_changed_term_local_context_diagnostic_or_zeta_payload	npa-core/crates/npa-api/src/search.rs	8327	1
npa.machine-api.premise-index-entry.v1	unrelated	-	reviewed_outside_changed_term_local_context_diagnostic_or_zeta_payload	npa-core/crates/npa-api/src/search.rs	48	1
npa.machine-api.premise-query-profile.v1	unrelated	-	reviewed_outside_changed_term_local_context_diagnostic_or_zeta_payload	npa-core/crates/npa-api/src/search.rs	9055	1
npa.machine-api.premise-query.v1	unrelated	-	reviewed_outside_changed_term_local_context_diagnostic_or_zeta_payload	npa-core/crates/npa-api/src/search.rs	9027	1
npa.machine-api.premise-search-query-profile.v2	unrelated	-	reviewed_outside_changed_term_local_context_diagnostic_or_zeta_payload	npa-core/crates/npa-api/src/search.rs	13814	1
npa.machine-api.premise-search-query-profile.v2.axiom-aware-ranking	unrelated	-	reviewed_outside_changed_term_local_context_diagnostic_or_zeta_payload	npa-core/crates/npa-api/src/search.rs	50	1
npa.machine-api.premise-set-feature.v1	unrelated	-	reviewed_outside_changed_term_local_context_diagnostic_or_zeta_payload	npa-core/crates/npa-api/src/search.rs	6064	1
npa.machine-api.premise-structural-features.v1	unrelated	-	reviewed_outside_changed_term_local_context_diagnostic_or_zeta_payload	npa-core/crates/npa-api/src/search.rs	5960	1
npa.machine-api.prompt-payload.v1	bump	npa.machine-api.prompt-payload.v2	inline_local_or_display_shape_becomes_assumption_only	npa-core/crates/npa-api/src/prompt.rs	36	1
npa.machine-api.prompt-rendered-content.v1	bump	npa.machine-api.prompt-rendered-content.v2	inline_local_or_display_shape_becomes_assumption_only	npa-core/crates/npa-api/src/prompt.rs	37	1
npa.machine-api.repair-chain.candidate-identity.v1	retain-with-domain-separated-child	npa.machine-api.repair-chain.candidate-identity.v1	unchanged_cache_or_candidate_identity_commits_new_diagnostic_state_context_or_reparsed_payload_hashes	npa-core/crates/npa-api/src/tactic.rs	373	1
npa.machine-api.repair-operator.hash.v1	unrelated	-	reviewed_outside_changed_term_local_context_diagnostic_or_zeta_payload	npa-core/crates/npa-api/src/tactic.rs	371	1
npa.machine-api.retrieval-cache-key.v1	retain-with-domain-separated-child	npa.machine-api.retrieval-cache-key.v1	unchanged_cache_or_candidate_identity_commits_new_diagnostic_state_context_or_reparsed_payload_hashes	npa-core/crates/npa-api/src/search.rs	9086	1
npa.machine-api.retrieval-evaluation.v1	unrelated	-	reviewed_outside_changed_term_local_context_diagnostic_or_zeta_payload	npa-core/crates/npa-api/src/search.rs	52	1
npa.machine-api.retrieval-local-context.v1	retain-with-domain-separated-child	npa.machine-api.retrieval-local-context.v1	no_removed_field_and_changed_core_context_or_source_is_a_separated_hash	npa-core/crates/npa-api/src/search.rs	9062	1
npa.machine-api.session-checked-current.v1	bump	npa.machine-api.session-checked-current.v2	inline_local_or_display_shape_becomes_assumption_only	npa-core/crates/npa-api/src/session.rs	1892	2
npa.machine-api.session-direct-imports.v1	retain-with-domain-separated-child	npa.machine-api.session-direct-imports.v1	unchanged_session_subencoding_commits_new_pair_certificate_or_import_summary_hashes	npa-core/crates/npa-api/src/session.rs	1881	1
npa.machine-api.session-import-context.v2	retain-with-domain-separated-child	npa.machine-api.session-import-context.v2	unchanged_session_subencoding_commits_new_pair_certificate_or_import_summary_hashes	npa-core/crates/npa-api/src/session.rs	1864	1
npa.machine-api.session-root.v2	bump	npa.machine-api.session-root.v3	session_root_commits_new_protocol_and_context_epoch	npa-core/crates/npa-api/src/session.rs	1840	1
npa.machine-api.simp-rule-ref.v1	unrelated	-	reviewed_outside_changed_term_local_context_diagnostic_or_zeta_payload	npa-core/crates/npa-api/src/session.rs	2445	1
npa.machine-api.stored-expr-view.v1	retain-with-domain-separated-child	npa.machine-api.stored-expr-view.v1	no_removed_field_and_changed_core_context_or_source_is_a_separated_hash	npa-core/crates/npa-api/src/snapshot.rs	31	1
npa.machine-api.stored-snapshot-view.v1	bump	npa.machine-api.stored-snapshot-view.v2	inline_local_or_display_shape_becomes_assumption_only	npa-core/crates/npa-api/src/snapshot.rs	30	1
npa.machine-api.theorem-filters.v1	unrelated	-	reviewed_outside_changed_term_local_context_diagnostic_or_zeta_payload	npa-core/crates/npa-api/src/search.rs	9312	1
npa.machine-api.theorem-index-entry.v1	unrelated	-	reviewed_outside_changed_term_local_context_diagnostic_or_zeta_payload	npa-core/crates/npa-api/src/search.rs	8941	1
npa.machine-api.theorem-index.v1	unrelated	-	reviewed_outside_changed_term_local_context_diagnostic_or_zeta_payload	npa-core/crates/npa-api/src/search.rs	8920	1
npa.machine-api.theorem-query.v1	unrelated	-	reviewed_outside_changed_term_local_context_diagnostic_or_zeta_payload	npa-core/crates/npa-api/src/search.rs	9008	1
npa.machine-api.v1	bump	npa.machine-api.v2	public_protocol_local_shape_and_error_vocabulary_change	npa-core/crates/npa-api/examples/bench_true_batching.rs	230	27
npa.machine-api.verified-premise-axiom-summary.v1	unrelated	-	reviewed_outside_changed_term_local_context_diagnostic_or_zeta_payload	npa-core/crates/npa-api/src/search.rs	6150	1
npa.machine-api.verified-premise-identity.v1	unrelated	-	reviewed_outside_changed_term_local_context_diagnostic_or_zeta_payload	npa-core/crates/npa-api/src/search.rs	47	1
npa.machine-api.verified-premise-index.v1	unrelated	-	reviewed_outside_changed_term_local_context_diagnostic_or_zeta_payload	npa-core/crates/npa-api/src/search.rs	5937	1
npa.machine-api.visible-imports.v1	unrelated	-	reviewed_outside_changed_term_local_context_diagnostic_or_zeta_payload	npa-core/crates/npa-api/src/search.rs	9182	1
npa.machine-diagnostic-tree.v1	bump	npa.machine-diagnostic-tree.v2	local_value_target_removed_and_removed_term_let_added	npa-core/crates/npa-api/src/diagnostic.rs	28	4
npa.machine-tactic.builtin.eq.rec.v1	unrelated	-	reviewed_outside_changed_term_local_context_diagnostic_or_zeta_payload	npa-core/checkers/npa-checker-ext/src/ext_env.ml	219	3
npa.machine-tactic.builtin.eq.refl.v1	unrelated	-	reviewed_outside_changed_term_local_context_diagnostic_or_zeta_payload	npa-core/checkers/npa-checker-ext/src/ext_env.ml	218	3
npa.machine-tactic.builtin.eq.v1	unrelated	-	reviewed_outside_changed_term_local_context_diagnostic_or_zeta_payload	npa-core/checkers/npa-checker-ext/src/ext_env.ml	217	3
npa.machine-tactic.builtin.nat.rec.v1	unrelated	-	reviewed_outside_changed_term_local_context_diagnostic_or_zeta_payload	npa-core/checkers/npa-checker-ext/src/ext_env.ml	216	3
npa.machine-tactic.builtin.nat.succ.v1	unrelated	-	reviewed_outside_changed_term_local_context_diagnostic_or_zeta_payload	npa-core/checkers/npa-checker-ext/src/ext_env.ml	215	3
npa.machine-tactic.builtin.nat.v1	unrelated	-	reviewed_outside_changed_term_local_context_diagnostic_or_zeta_payload	npa-core/checkers/npa-checker-ext/src/ext_env.ml	213	3
npa.machine-tactic.builtin.nat.zero.v1	unrelated	-	reviewed_outside_changed_term_local_context_diagnostic_or_zeta_payload	npa-core/checkers/npa-checker-ext/src/ext_env.ml	214	3
npa.machine-tactic.checked-decl-signature.hash.v1	bump	npa.machine-tactic.checked-decl-signature.hash.v2	inline_core_expression_semantic_epoch_changes	npa-core/crates/npa-tactic/src/lib.rs	20651	1
npa.machine-tactic.checked-decl-signature.v1	bump	npa.machine-tactic.checked-decl-signature.v2	inline_core_expression_semantic_epoch_changes	npa-core/crates/npa-api/src/current.rs	1099	3
npa.machine-tactic.current.checked-env.v2	retain-with-domain-separated-child	npa.machine-tactic.current.checked-env.v2	unchanged_layout_commits_new_pair_certificate_profile_or_signature_hashes	npa-core/crates/npa-tactic/src/lib.rs	20555	1
npa.machine-tactic.current.dependency-selective.v1	retain-with-domain-separated-child	npa.machine-tactic.current.dependency-selective.v1	unchanged_layout_commits_new_pair_certificate_profile_or_signature_hashes	npa-core/crates/npa-tactic/src/lib.rs	20008	1
npa.machine-tactic.current.prior-chain.v2	retain-with-domain-separated-child	npa.machine-tactic.current.prior-chain.v2	unchanged_layout_commits_new_pair_certificate_profile_or_signature_hashes	npa-core/crates/npa-tactic/src/lib.rs	20505	1
npa.machine-tactic.diagnostic-local-context-summary.hash.v1	bump	npa.machine-tactic.diagnostic-local-context-summary.hash.v2	value_hash_and_value_summary_removed	npa-core/crates/npa-tactic/src/lib.rs	3447	1
npa.machine-tactic.diagnostic-local-context-summary.v1	bump	npa.machine-tactic.diagnostic-local-context-summary.v2	value_hash_and_value_summary_removed	npa-core/crates/npa-tactic/src/lib.rs	3418	1
npa.machine-tactic.diagnostic.expected-actual.hash.v1	unrelated	-	reviewed_outside_changed_term_local_context_diagnostic_or_zeta_payload	npa-core/crates/npa-tactic/src/lib.rs	20584	1
npa.machine-tactic.diagnostic.expected-actual.v1	unrelated	-	reviewed_outside_changed_term_local_context_diagnostic_or_zeta_payload	npa-core/crates/npa-tactic/src/lib.rs	20577	1
npa.machine-tactic.goal-id.v1	unrelated	-	reviewed_outside_changed_term_local_context_diagnostic_or_zeta_payload	npa-core/crates/npa-tactic/src/lib.rs	20596	1
npa.machine-tactic.kernel-check-profile.v1	bump	npa.machine-tactic.kernel-check-profile.v2	core_and_reduction_profile_members_change	npa-core/crates/npa-api/src/session.rs	2478	4
npa.machine-tactic.level-arg-list.v1	unrelated	-	reviewed_outside_changed_term_local_context_diagnostic_or_zeta_payload	npa-core/crates/npa-tactic/src/lib.rs	20909	1
npa.machine-tactic.machine-local-context.hash.v1	bump	npa.machine-tactic.machine-local-context.hash.v2	inline_local_declarations_become_assumption_only	npa-core/crates/npa-tactic/src/lib.rs	20638	1
npa.machine-tactic.machine-local-context.v1	bump	npa.machine-tactic.machine-local-context.v2	inline_local_declarations_become_assumption_only	npa-core/crates/npa-tactic/src/lib.rs	20628	1
npa.machine-tactic.machine-local-decl.hash.v1	bump	npa.machine-tactic.machine-local-decl.hash.v2	inline_local_value_field_removed	npa-core/crates/npa-tactic/src/lib.rs	20622	1
npa.machine-tactic.machine-local-decl.v1	bump	npa.machine-tactic.machine-local-decl.v2	inline_local_value_field_removed	npa-core/crates/npa-tactic/src/lib.rs	20615	1
npa.machine-tactic.machine-proof-delta.v1	bump	npa.machine-tactic.machine-proof-delta.v2	proof_state_semantic_epoch_changes	npa-core/crates/npa-tactic/src/lib.rs	20964	2
npa.machine-tactic.machine-proof-state.v1	bump	npa.machine-tactic.machine-proof-state.v2	inline_proof_expr_and_local_context_grammar_changes	npa-core/crates/npa-tactic/src/lib.rs	21044	1
npa.machine-tactic.machine-tactic-cache-key.hash.v1	retain-with-domain-separated-child	npa.machine-tactic.machine-tactic-cache-key.hash.v1	state_and_tactic_fields_commit_new_child_hashes	npa-core/crates/npa-tactic/src/lib.rs	20894	1
npa.machine-tactic.machine-tactic-cache-key.v1	retain-with-domain-separated-child	npa.machine-tactic.machine-tactic-cache-key.v1	state_and_tactic_fields_commit_new_child_hashes	npa-core/crates/npa-tactic/src/lib.rs	20884	1
npa.machine-tactic.machine-tactic-env.v2	bump	npa.machine-tactic.machine-tactic-env.v3	inline_checked_signatures_and_kernel_profile_change	npa-core/crates/npa-tactic/src/lib.rs	21007	1
npa.machine-tactic.machine-tactic-options.v1	unrelated	-	reviewed_outside_changed_term_local_context_diagnostic_or_zeta_payload	npa-core/crates/npa-tactic/src/lib.rs	20919	1
npa.machine-tactic.machine-tactic.hash.v1	retain-with-domain-separated-child	npa.machine-tactic.machine-tactic.hash.v1	term_fields_are_new_domain_separated_source_hashes_not_inline_terms	npa-core/crates/npa-tactic/src/lib.rs	20848	1
npa.machine-tactic.machine-tactic.v1	retain-with-domain-separated-child	npa.machine-tactic.machine-tactic.v1	term_fields_are_new_domain_separated_source_hashes_not_inline_terms	npa-core/crates/npa-tactic/src/lib.rs	20841	1
npa.machine-tactic.machine-term-source.hash.v1	bump	npa.machine-tactic.machine-term-source.hash.v2	embedded_frontend_term_source_identity_changes	npa-core/crates/npa-tactic/src/lib.rs	20566	2
npa.machine-tactic.machine-term-source.v1	bump	npa.machine-tactic.machine-term-source.v2	embedded_frontend_term_source_identity_changes	npa-core/crates/npa-tactic/src/lib.rs	20559	1
npa.machine-tactic.meta-var-id.v1	unrelated	-	reviewed_outside_changed_term_local_context_diagnostic_or_zeta_payload	npa-core/crates/npa-tactic/src/lib.rs	20590	1
npa.machine-tactic.proof-expr.hash.v1	bump	npa.machine-tactic.proof-expr.hash.v2	inline_proof_expression_grammar_loses_let	npa-core/crates/npa-tactic/src/lib.rs	20609	1
npa.machine-tactic.proof-expr.v1	bump	npa.machine-tactic.proof-expr.v2	inline_proof_expression_grammar_loses_let	npa-core/crates/npa-tactic/src/lib.rs	20602	1
npa.machine-tactic.refine-term-source.hash.v1	bump	npa.machine-tactic.refine-term-source.hash.v2	inline_refine_term_grammar_loses_let	npa-core/crates/npa-tactic/src/lib.rs	1452	1
npa.machine-tactic.refine-term-source.v1	bump	npa.machine-tactic.refine-term-source.v2	inline_refine_term_grammar_loses_let	npa-core/crates/npa-tactic/src/lib.rs	1445	1
npa.machine-tactic.replay-diagnostic.v1	unrelated	-	reviewed_outside_changed_term_local_context_diagnostic_or_zeta_payload	npa-core/crates/npa-tactic/src/lib.rs	25032	1
npa.machine-tactic.resolved-eq-family.builtin.v1	unrelated	-	reviewed_outside_changed_term_local_context_diagnostic_or_zeta_payload	npa-core/crates/npa-tactic/src/lib.rs	17016	1
npa.machine-tactic.resolved-eq-family.decl.v1	unrelated	-	reviewed_outside_changed_term_local_context_diagnostic_or_zeta_payload	npa-core/crates/npa-tactic/src/lib.rs	17057	1
npa.machine-tactic.resolved-eq-family.v1	unrelated	-	reviewed_outside_changed_term_local_context_diagnostic_or_zeta_payload	npa-core/crates/npa-tactic/src/lib.rs	17022	2
npa.machine-tactic.resolved-family-options.v1	unrelated	-	reviewed_outside_changed_term_local_context_diagnostic_or_zeta_payload	npa-core/crates/npa-tactic/src/lib.rs	20940	1
npa.machine-tactic.resolved-nat-family.decl.v1	unrelated	-	reviewed_outside_changed_term_local_context_diagnostic_or_zeta_payload	npa-core/crates/npa-tactic/src/lib.rs	17442	1
npa.machine-tactic.resolved-nat-family.v1	unrelated	-	reviewed_outside_changed_term_local_context_diagnostic_or_zeta_payload	npa-core/crates/npa-tactic/src/lib.rs	17453	1
npa.machine-tactic.simp-registry.v1	unrelated	-	reviewed_outside_changed_term_local_context_diagnostic_or_zeta_payload	npa-core/crates/npa-tactic/src/lib.rs	20933	1
npa.machine-tactic.tactic-budget.v1	unrelated	-	reviewed_outside_changed_term_local_context_diagnostic_or_zeta_payload	npa-core/crates/npa-api/src/advanced_ai.rs	11626	2
npa.machine-tactic.tactic-options.v1	unrelated	-	reviewed_outside_changed_term_local_context_diagnostic_or_zeta_payload	npa-core/crates/npa-api/src/advanced_ai.rs	11600	2
npa.machine-tactic.universe-diagnostic.identity.hash.v1	unrelated	-	reviewed_outside_changed_term_local_context_diagnostic_or_zeta_payload	npa-core/crates/npa-tactic/src/lib.rs	3113	1
npa.machine-tactic.universe-diagnostic.identity.v1	unrelated	-	reviewed_outside_changed_term_local_context_diagnostic_or_zeta_payload	npa-core/crates/npa-tactic/src/lib.rs	3074	1
npa.machine-tactic.universe-param-list.v1	unrelated	-	reviewed_outside_changed_term_local_context_diagnostic_or_zeta_payload	npa-core/crates/npa-tactic/src/lib.rs	20900	1
npa.machine-tactic.verified-export-signature.v1	unrelated	-	reviewed_outside_changed_term_local_context_diagnostic_or_zeta_payload	npa-core/crates/npa-tactic/src/lib.rs	20489	1
npa.machine_tactic_candidate.v1	retain-with-domain-separated-child	npa.machine_tactic_candidate.v1	raw_json_grammar_unchanged_and_terms_reparse_under_machine_api_v2	npa-core/crates/npa-api/src/human.rs	10894	2
npa.mathlib.catalog_registry_change_request.v1	unrelated	-	reviewed_outside_changed_term_local_context_diagnostic_or_zeta_payload	npa-core/crates/npa-package/src/schema.rs	70	2
npa.mathlib.catalog_registry_recovery.v1	unrelated	-	reviewed_outside_changed_term_local_context_diagnostic_or_zeta_payload	npa-core/crates/npa-cli/src/package_promotion_registry_reconcile.rs	1743	1
npa.mathlib.catalog_registry_recovery.v2	unrelated	-	reviewed_outside_changed_term_local_context_diagnostic_or_zeta_payload	npa-core/crates/npa-cli/src/package_promotion_registry_reconcile.rs	1663	1
npa.mathlib.catalog_registry_sync_attestation.v1	unrelated	-	reviewed_outside_changed_term_local_context_diagnostic_or_zeta_payload	npa-core/crates/npa-package/src/schema.rs	73	2
npa.mathlib.declaration_promotion_request.v1	unrelated	-	reviewed_outside_changed_term_local_context_diagnostic_or_zeta_payload	npa-core/crates/npa-package/src/schema.rs	53	2
npa.mathlib.interface_inventory.v1	unrelated	-	reviewed_outside_changed_term_local_context_diagnostic_or_zeta_payload	npa-core/crates/npa-cli/src/diagnostic.rs	24	1
npa.mathlib.interface_proposal.v1	unrelated	-	reviewed_outside_changed_term_local_context_diagnostic_or_zeta_payload	npa-core/crates/npa-package/src/interface_proposal.rs	21	1
npa.mathlib.interface_proposal_check.v1	unrelated	-	reviewed_outside_changed_term_local_context_diagnostic_or_zeta_payload	npa-core/crates/npa-cli/src/diagnostic.rs	22	1
npa.mathlib.interface_proposal_surface_drift.v1	unrelated	-	reviewed_outside_changed_term_local_context_diagnostic_or_zeta_payload	npa-core/crates/npa-cli/src/diagnostic.rs	27	1
npa.mathlib.promotion_origin_registry.v1	unrelated	-	reviewed_outside_changed_term_local_context_diagnostic_or_zeta_payload	npa-core/crates/npa-package/src/catalog_registry_sync_attestation.rs	735	2
npa.mathlib.promotion_origin_registry.v2	unrelated	-	reviewed_outside_changed_term_local_context_diagnostic_or_zeta_payload	npa-core/crates/npa-package/src/schema.rs	64	2
npa.mathlib.promotion_origin_registry.v3	unrelated	-	reviewed_outside_changed_term_local_context_diagnostic_or_zeta_payload	npa-core/crates/npa-package/src/schema.rs	67	2
npa.mathlib.promotion_plan.v1	unrelated	-	reviewed_outside_changed_term_local_context_diagnostic_or_zeta_payload	npa-core/crates/npa-package/src/promotion_registry.rs	971	2
npa.mathlib.promotion_plan.v2	unrelated	-	reviewed_outside_changed_term_local_context_diagnostic_or_zeta_payload	npa-core/crates/npa-package/src/schema.rs	55	2
npa.mathlib.promotion_transaction.v1	unrelated	-	reviewed_outside_changed_term_local_context_diagnostic_or_zeta_payload	npa-core/crates/npa-package/src/schema.rs	75	1
npa.mathlib.verified_materialization_attestation.v1	unrelated	-	reviewed_outside_changed_term_local_context_diagnostic_or_zeta_payload	npa-core/crates/npa-package/src/schema.rs	58	2
npa.minimal_failing_artifact.v2	bump	npa.minimal_failing_artifact.v3	local_value_hash_removed	npa-core/crates/npa-api/src/tactic.rs	1556	1
npa.package.audit_cache.v0.2	retain-with-domain-separated-child	npa.package.audit_cache.v0.2	unchanged_cache_key_layout_commits_the_exact_new_pair_and_rebuilt_certificate_hashes	npa-core/crates/npa-package/src/audit_cache.rs	31	1
npa.package.audit_disk_memo.v0.2	retain-with-domain-separated-child	npa.package.audit_disk_memo.v0.2	unchanged_cache_key_layout_commits_the_exact_new_pair_and_rebuilt_certificate_hashes	npa-core/crates/npa-package/src/audit_cache.rs	48	1
npa.package.audit_disk_memo_result.v0.2	retain-with-domain-separated-child	npa.package.audit_disk_memo_result.v0.2	unchanged_untrusted_entry_layout_contains_a_recomputed_current_cache_key	npa-core/crates/npa-package/src/audit_cache.rs	51	1
npa.package.audit_process_memo.v0.2	retain-with-domain-separated-child	npa.package.audit_process_memo.v0.2	unchanged_cache_key_layout_commits_the_exact_new_pair_and_rebuilt_certificate_hashes	npa-core/crates/npa-package/src/audit_cache.rs	41	1
npa.package.audit_result.v0.1	unrelated	-	reviewed_outside_changed_term_local_context_diagnostic_or_zeta_payload	npa-core/crates/npa-package/src/audit_cache.rs	2058	1
npa.package.audit_result.v0.2	retain-with-domain-separated-child	npa.package.audit_result.v0.2	unchanged_untrusted_entry_layout_contains_a_recomputed_current_cache_key	npa-core/crates/npa-package/src/audit_cache.rs	34	1
npa.package.axiom_report.v0.1	unrelated	-	reviewed_outside_changed_term_local_context_diagnostic_or_zeta_payload	npa-core/crates/npa-package/src/schema.rs	15	3
npa.package.build_check_cache.v0.2	retain-with-domain-separated-child	npa.package.build_check_cache.v0.2	unchanged_cache_key_layout_commits_the_exact_new_pair_and_rebuilt_certificate_hashes	npa-core/crates/npa-package/src/build_check_cache.rs	31	1
npa.package.build_check_cache.v0.3	unrelated	-	reviewed_outside_changed_term_local_context_diagnostic_or_zeta_payload	npa-core/crates/npa-cli/src/package_build_cache.rs	2675	1
npa.package.build_check_cache_namespace.v0.1	retain-with-domain-separated-child	npa.package.build_check_cache_namespace.v0.1	unchanged_cache_key_layout_commits_the_exact_new_pair_and_rebuilt_certificate_hashes	npa-core/crates/npa-package/src/build_check_cache.rs	38	2
npa.package.build_check_cache_namespace.v0.2	unrelated	-	reviewed_outside_changed_term_local_context_diagnostic_or_zeta_payload	npa-core/crates/npa-package/src/build_check_cache.rs	1238	1
npa.package.build_check_result.v0.1	unrelated	-	reviewed_outside_changed_term_local_context_diagnostic_or_zeta_payload	npa-core/crates/npa-cli/tests/package_build_certs_check.rs	1152	3
npa.package.build_check_result.v0.2	retain-with-domain-separated-child	npa.package.build_check_result.v0.2	unchanged_untrusted_entry_layout_contains_a_recomputed_current_cache_key	npa-core/crates/npa-package/src/build_check_cache.rs	34	1
npa.package.build_check_tool_identity.v0.2	retain-with-domain-separated-child	npa.package.build_check_tool_identity.v0.2	unchanged_tool_identity_layout_commits_the_new_executable_and_authoring_abi_hashes	npa-core/crates/npa-cli/src/package_build_cache.rs	56	1
npa.package.changed_selection.artifact_provenance.v3	unrelated	-	reviewed_outside_changed_term_local_context_diagnostic_or_zeta_payload	npa-core/crates/npa-cli/examples/bench_package_changed_selection.rs	50	3
npa.package.changed_selection.benchmark_run.v3	unrelated	-	reviewed_outside_changed_term_local_context_diagnostic_or_zeta_payload	npa-core/crates/npa-cli/examples/bench_package_changed_selection.rs	48	3
npa.package.changed_selection.comparison.v3	unrelated	-	reviewed_outside_changed_term_local_context_diagnostic_or_zeta_payload	npa-core/scripts/check-performance.sh	527	3
npa.package.changed_selection.provenance.v3	unrelated	-	reviewed_outside_changed_term_local_context_diagnostic_or_zeta_payload	npa-core/crates/npa-cli/examples/bench_package_changed_selection.rs	49	3
npa.package.command_result.v0.1	unrelated	-	reviewed_outside_changed_term_local_context_diagnostic_or_zeta_payload	npa-core/crates/npa-cli/src/release_manifest.rs	19	2
npa.package.command_result.v0.2	unrelated	-	reviewed_outside_changed_term_local_context_diagnostic_or_zeta_payload	npa-core/crates/npa-cli/src/release_manifest.rs	20	2
npa.package.command_result.v0.3	unrelated	-	reviewed_outside_changed_term_local_context_diagnostic_or_zeta_payload	npa-core/crates/npa-cli/src/release_manifest.rs	21	7
npa.package.command_result.v0.4	bump	npa.package.command_result.v0.5	current_nested_measurement_and_host_mapping_change	npa-core/crates/npa-cli/examples/bench_package_changed_selection.rs	1126	14
npa.package.import_context_export_cache.v0.2	retain-with-domain-separated-child	npa.package.import_context_export_cache.v0.2	unchanged_cache_key_layout_commits_the_exact_new_pair_and_rebuilt_certificate_hashes	npa-core/crates/npa-package/src/audit_cache.rs	62	1
npa.package.import_context_export_cache_entry.v0.2	retain-with-domain-separated-child	npa.package.import_context_export_cache_entry.v0.2	unchanged_untrusted_entry_layout_contains_a_recomputed_current_cache_key	npa-core/crates/npa-package/src/audit_cache.rs	66	1
npa.package.lock.v0.1	unrelated	-	reviewed_outside_changed_term_local_context_diagnostic_or_zeta_payload	npa-core/crates/npa-cli/tests/package_refactor_plan.rs	909	8
npa.package.lock.v9	unrelated	-	reviewed_outside_changed_term_local_context_diagnostic_or_zeta_payload	npa-core/crates/npa-api/src/package_verifier.rs	16681	2
npa.package.publish_plan.v0.1	unrelated	-	reviewed_outside_changed_term_local_context_diagnostic_or_zeta_payload	npa-core/crates/npa-package/src/schema.rs	78	3
npa.package.reference_summary_cache.v0.2	retain-with-domain-separated-child	npa.package.reference_summary_cache.v0.2	unchanged_cache_key_layout_commits_the_exact_new_pair_and_rebuilt_certificate_hashes	npa-core/crates/npa-package/src/audit_cache.rs	54	1
npa.package.reference_summary_cache_entry.v0.2	retain-with-domain-separated-child	npa.package.reference_summary_cache_entry.v0.2	unchanged_untrusted_entry_layout_contains_a_recomputed_current_cache_key	npa-core/crates/npa-package/src/audit_cache.rs	58	1
npa.package.targeted_authoring.non_authoritative_local_hit.v0.1	unrelated	-	reviewed_outside_changed_term_local_context_diagnostic_or_zeta_payload	npa-core/crates/npa-package/src/targeted_authoring_cache/context.rs	42	1
npa.package.targeted_authoring_cache_limits.v1	unrelated	-	reviewed_outside_changed_term_local_context_diagnostic_or_zeta_payload	npa-core/crates/npa-package/src/build_check_cache.rs	58	1
npa.package.targeted_authoring_external_leaf.v0.1	retain-with-domain-separated-child	npa.package.targeted_authoring_external_leaf.v0.1	unchanged_targeted_authoring_layout_is_guarded_by_new_pair_abi_tool_and_certificate_hashes	npa-core/crates/npa-package/src/targeted_authoring_cache.rs	41	1
npa.package.targeted_authoring_human_interface.v0.1	retain-with-domain-separated-child	npa.package.targeted_authoring_human_interface.v0.1	unchanged_targeted_authoring_layout_is_guarded_by_new_pair_abi_tool_and_certificate_hashes	npa-core/crates/npa-package/src/targeted_authoring_cache/context.rs	39	1
npa.package.targeted_authoring_module_identity.v0.1	unrelated	-	reviewed_outside_changed_term_local_context_diagnostic_or_zeta_payload	npa-core/crates/npa-package/src/targeted_authoring_cache.rs	35	1
npa.package.targeted_authoring_support_closure.v0.1	retain-with-domain-separated-child	npa.package.targeted_authoring_support_closure.v0.1	unchanged_targeted_authoring_layout_is_guarded_by_new_pair_abi_tool_and_certificate_hashes	npa-core/crates/npa-package/src/targeted_authoring_cache.rs	38	1
npa.package.targeted_authoring_support_context.v0.1	retain-with-domain-separated-child	npa.package.targeted_authoring_support_context.v0.1	unchanged_targeted_authoring_layout_is_guarded_by_new_pair_abi_tool_and_certificate_hashes	npa-core/crates/npa-package/src/targeted_authoring_cache.rs	32	2
npa.package.targeted_authoring_support_context.v9	unrelated	-	reviewed_outside_changed_term_local_context_diagnostic_or_zeta_payload	npa-core/crates/npa-package/src/targeted_authoring_cache/context.rs	3203	1
npa.package.targeted_authoring_support_key.v0.1	retain-with-domain-separated-child	npa.package.targeted_authoring_support_key.v0.1	unchanged_targeted_authoring_layout_is_guarded_by_new_pair_abi_tool_and_certificate_hashes	npa-core/crates/npa-package/src/targeted_authoring_cache.rs	29	2
npa.package.theorem_index.v0.1	retain-with-domain-separated-child	npa.package.theorem_index.v0.1	theorem_index_schema_is_untrusted_and_unchanged_while_rows_commit_rebuilt_certificate_and_export_hashes	npa-agents/apps/agentctl/tests/mine_corpus_lemmas.rs	471	4
npa.package.theorem_index.v0.1.certificate_derived	unrelated	-	reviewed_outside_changed_term_local_context_diagnostic_or_zeta_payload	npa-core/crates/npa-package/src/theorem_index.rs	38	1
npa.package.theorem_premise_report.v0.1	bump	npa.package.theorem_premise_report.v0.2	let_value_use_site_removed_from_closed_vocabulary	npa-core/crates/npa-package/src/theorem_premise_report.rs	31	1
npa.package.theorem_premise_report.v0.1.certificate_structural	bump	npa.package.theorem_premise_report.v0.2.certificate_structural	structural_report_profile_tracks_v0_2_report_vocabulary	npa-core/crates/npa-package/src/theorem_premise_report.rs	36	1
npa.package.theorem_premise_report_chunks.v0.1	retain-with-domain-separated-child	npa.package.theorem_premise_report_chunks.v0.1	opaque_chunk_envelope_commits_new_report_hash	npa-core/crates/npa-cli/src/theorem_premise_report_storage.rs	21	1
npa.package.timings.v0.1	unrelated	-	reviewed_outside_changed_term_local_context_diagnostic_or_zeta_payload	npa-core/crates/npa-cli/src/diagnostic.rs	16	2
npa.package.timings.v0.2	retain-with-domain-separated-child	npa.package.timings.v0.2	outer_timing_envelope_names_new_nested_measurement_schema	npa-core/crates/npa-cli/examples/bench_package_changed_selection.rs	1148	4
npa.package.v0.1	unrelated	-	reviewed_outside_changed_term_local_context_diagnostic_or_zeta_payload	npa-core/crates/npa-api/src/package_artifacts.rs	2333	43
npa.package.v0.2	unrelated	-	reviewed_outside_changed_term_local_context_diagnostic_or_zeta_payload	npa-core/crates/npa-package/tests/package_manifest.rs	45	3
npa.package.verified_export_summary.v0.1	unrelated	-	reviewed_outside_changed_term_local_context_diagnostic_or_zeta_payload	npa-core/crates/npa-package/src/export_summary.rs	932	1
npa.package.verified_export_summary.v0.2	retain-with-domain-separated-child	npa.package.verified_export_summary.v0.2	unchanged_summary_layout_records_the_exact_new_pair_and_rebuilt_certificate_hashes	npa-core/crates/npa-package/src/audit_cache.rs	69	1
npa.package.verified_high_trust.v0.1	unrelated	-	reviewed_outside_changed_term_local_context_diagnostic_or_zeta_payload	npa-core/crates/npa-package/src/schema.rs	84	2
npa.package.verify-selection.v0.1	unrelated	-	reviewed_outside_changed_term_local_context_diagnostic_or_zeta_payload	npa-core/crates/npa-cli/src/diagnostic.rs	29	1
npa.package_artifact_snapshot.benchmark_run.v2	unrelated	-	reviewed_outside_changed_term_local_context_diagnostic_or_zeta_payload	npa-core/crates/npa-api/examples/support/snap_vmsp_controller.rs	48	1
npa.package_artifact_snapshot.benchmark_sample.v2	unrelated	-	reviewed_outside_changed_term_local_context_diagnostic_or_zeta_payload	npa-core/crates/npa-api/examples/support/snap_vmsp_controller.rs	47	2
npa.package_artifact_snapshot.matrix.v3	unrelated	-	reviewed_outside_changed_term_local_context_diagnostic_or_zeta_payload	npa-core/crates/npa-api/examples/support/snap_vmsp_controller.rs	17	1
npa.package_verifier.linear_dag_planning.baselines.v0.1	unrelated	-	reviewed_outside_changed_term_local_context_diagnostic_or_zeta_payload	npa-core/crates/npa-api/examples/bench_package_linear_dag.rs	25	2
npa.package_verifier.linear_dag_planning.iut_run.v0.2	unrelated	-	reviewed_outside_changed_term_local_context_diagnostic_or_zeta_payload	npa-core/scripts/bench-package-verifier-linear-dag-planning.sh	351	1
npa.package_verifier.linear_dag_planning.matrix.v0.1	unrelated	-	reviewed_outside_changed_term_local_context_diagnostic_or_zeta_payload	npa-core/scripts/bench-package-verifier-linear-dag-planning.sh	346	3
npa.package_verifier.linear_dag_planning.run.v0.2	unrelated	-	reviewed_outside_changed_term_local_context_diagnostic_or_zeta_payload	npa-core/scripts/bench-package-verifier-linear-dag-planning.sh	352	1
npa.package_verifier.process_memo_scope.baselines.v0.1	unrelated	-	reviewed_outside_changed_term_local_context_diagnostic_or_zeta_payload	npa-core/crates/npa-api/src/performance_gate.rs	23	2
npa.package_verifier.process_memo_scope.matrix.v0.1	unrelated	-	reviewed_outside_changed_term_local_context_diagnostic_or_zeta_payload	npa-core/scripts/check-performance.sh	994	3
npa.package_verifier.process_memo_scope.run.v0.2	unrelated	-	reviewed_outside_changed_term_local_context_diagnostic_or_zeta_payload	npa-core/crates/npa-api/examples/bench_package_verifier.rs	3066	3
npa.parent-proof.completed-candidate.v1	retain-with-domain-separated-child	npa.parent-proof.completed-candidate.v1	unchanged_parent_proof_layout_commits_new_skeleton_environment_certificate_or_dependency_hashes	npa-core/crates/npa-api/src/parent_proof_integration.rs	19	1
npa.parent-proof.declaration-identity.v1	retain-with-domain-separated-child	npa.parent-proof.declaration-identity.v1	unchanged_parent_proof_layout_commits_new_skeleton_environment_certificate_or_dependency_hashes	npa-core/crates/npa-api/src/parent_proof_integration.rs	12	1
npa.parent-proof.dependency-identity.v1	retain-with-domain-separated-child	npa.parent-proof.dependency-identity.v1	unchanged_parent_proof_layout_commits_new_skeleton_environment_certificate_or_dependency_hashes	npa-core/crates/npa-api/src/parent_proof_integration.rs	15	1
npa.parent-proof.import-closure.v1	retain-with-domain-separated-child	npa.parent-proof.import-closure.v1	unchanged_parent_proof_layout_commits_new_skeleton_environment_certificate_or_dependency_hashes	npa-core/crates/npa-api/src/parent_proof_integration.rs	16	1
npa.parent-proof.import-identity.v1	retain-with-domain-separated-child	npa.parent-proof.import-identity.v1	unchanged_parent_proof_layout_commits_new_skeleton_environment_certificate_or_dependency_hashes	npa-core/crates/npa-api/src/parent_proof_integration.rs	13	1
npa.parent-proof.integration-output.v1	retain-with-domain-separated-child	npa.parent-proof.integration-output.v1	unchanged_parent_proof_layout_commits_new_skeleton_environment_certificate_or_dependency_hashes	npa-core/crates/npa-api/src/parent_proof_integration.rs	21	1
npa.parent-proof.substitution.v1	retain-with-domain-separated-child	npa.parent-proof.substitution.v1	unchanged_parent_proof_layout_commits_new_skeleton_environment_certificate_or_dependency_hashes	npa-core/crates/npa-api/src/parent_proof_integration.rs	17	1
npa.performance.baselines.v0.1	unrelated	-	reviewed_outside_changed_term_local_context_diagnostic_or_zeta_payload	npa-core/crates/npa-api/examples/support/snap_vmsp_controller.rs	52	5
npa.performance.benchmark-build.v1	unrelated	-	reviewed_outside_changed_term_local_context_diagnostic_or_zeta_payload	npa-core/crates/npa-cli/examples/measure_process.rs	1937	1
npa.performance.fixture-generator.logical.v1	unrelated	-	reviewed_outside_changed_term_local_context_diagnostic_or_zeta_payload	npa-core/crates/npa-api/examples/support/performance_fixture_generator.rs	908	1
npa.performance.fixture-generator.profile.v1	unrelated	-	reviewed_outside_changed_term_local_context_diagnostic_or_zeta_payload	npa-core/crates/npa-api/examples/support/performance_fixture_generator.rs	885	1
npa.performance.fixture-generator.tree.v1	unrelated	-	reviewed_outside_changed_term_local_context_diagnostic_or_zeta_payload	npa-core/crates/npa-api/examples/support/performance_fixture_generator.rs	942	1
npa.performance.fixture-generator.v1	unrelated	-	reviewed_outside_changed_term_local_context_diagnostic_or_zeta_payload	npa-core/crates/npa-api/examples/support/performance_fixture_generator.rs	25	2
npa.performance.fixtures.v0.0	unrelated	-	reviewed_outside_changed_term_local_context_diagnostic_or_zeta_payload	npa-core/crates/npa-api/src/performance_fixture_v02.rs	2173	1
npa.performance.fixtures.v0.1	unrelated	-	reviewed_outside_changed_term_local_context_diagnostic_or_zeta_payload	npa-core/crates/npa-api/src/performance_fixture_v02.rs	2172	7
npa.performance.fixtures.v0.2	unrelated	-	reviewed_outside_changed_term_local_context_diagnostic_or_zeta_payload	npa-core/crates/npa-api/src/performance_fixture_v02.rs	13	2
npa.performance.fixtures.v0.3	unrelated	-	reviewed_outside_changed_term_local_context_diagnostic_or_zeta_payload	npa-core/crates/npa-api/src/performance_fixture_v02.rs	1814	1
npa.performance.historical-reader-fixtures.v0.1	unrelated	-	reviewed_outside_changed_term_local_context_diagnostic_or_zeta_payload	npa-core/crates/npa-cli/src/release_manifest.rs	3663	1
npa.performance.measurements.v0.1	unrelated	-	reviewed_outside_changed_term_local_context_diagnostic_or_zeta_payload	npa-core/crates/npa-api/src/performance_measurement.rs	17	1
npa.performance.measurements.v0.2	unrelated	-	reviewed_outside_changed_term_local_context_diagnostic_or_zeta_payload	npa-core/crates/npa-api/src/performance_measurement.rs	18	1
npa.performance.measurements.v0.3	unrelated	-	reviewed_outside_changed_term_local_context_diagnostic_or_zeta_payload	npa-core/crates/npa-api/src/performance_gate.rs	1673	2
npa.performance.measurements.v0.4	unrelated	-	reviewed_outside_changed_term_local_context_diagnostic_or_zeta_payload	npa-core/crates/npa-api/src/performance_measurement.rs	20	1
npa.performance.measurements.v0.5	unrelated	-	reviewed_outside_changed_term_local_context_diagnostic_or_zeta_payload	npa-core/crates/npa-api/src/performance_measurement.rs	21	4
npa.performance.measurements.v0.6	unrelated	-	reviewed_outside_changed_term_local_context_diagnostic_or_zeta_payload	npa-core/crates/npa-api/src/performance_measurement.rs	22	4
npa.performance.measurements.v0.7	unrelated	-	reviewed_outside_changed_term_local_context_diagnostic_or_zeta_payload	npa-core/crates/npa-api/src/performance_measurement.rs	23	4
npa.performance.measurements.v0.8	bump	npa.performance.measurements.v0.9	zeta_steps_removed_and_physical_reductions_redefined	npa-core/crates/npa-api/examples/bench_package_verifier.rs	3199	15
npa.performance.measurements.v0.9	unrelated	-	reviewed_outside_changed_term_local_context_diagnostic_or_zeta_payload	npa-core/crates/npa-api/src/performance_measurement.rs	2491	2
npa.performance.run.v0.1	unrelated	-	reviewed_outside_changed_term_local_context_diagnostic_or_zeta_payload	npa-core/scripts/tests/check-performance-package-verifier-process-memo.sh	47	1
npa.performance.run.v0.2	unrelated	-	reviewed_outside_changed_term_local_context_diagnostic_or_zeta_payload	npa-core/crates/npa-api/examples/bench_package_verifier.rs	321	1
npa.performance.sealed-run.v1	unrelated	-	reviewed_outside_changed_term_local_context_diagnostic_or_zeta_payload	npa-core/crates/npa-api/examples/support/sealed_performance_run.rs	6	1
npa.performance_isolation_guardrail.v1	unrelated	-	reviewed_outside_changed_term_local_context_diagnostic_or_zeta_payload	npa-core/crates/npa-api/src/tactic.rs	1574	1
npa.producer.authoring.v0.1	unrelated	-	reviewed_outside_changed_term_local_context_diagnostic_or_zeta_payload	npa-core/crates/npa-package/src/targeted_authoring_cache.rs	1623	1
npa.producer.changed.v0.1	unrelated	-	reviewed_outside_changed_term_local_context_diagnostic_or_zeta_payload	npa-core/crates/npa-package/src/targeted_authoring_cache.rs	1962	1
npa.producer.default.v0.1	unrelated	-	reviewed_outside_changed_term_local_context_diagnostic_or_zeta_payload	npa-core/crates/npa-package/src/targeted_authoring_cache.rs	1626	1
npa.producer.fixture.v0.1	unrelated	-	reviewed_outside_changed_term_local_context_diagnostic_or_zeta_payload	npa-core/crates/npa-cli/src/package_build_cache.rs	2463	3
npa.producer.hostile.v9	unrelated	-	reviewed_outside_changed_term_local_context_diagnostic_or_zeta_payload	npa-core/crates/npa-package/src/targeted_authoring_cache/context.rs	3212	1
npa.proof-candidate-identity.hash.v1	retain-with-domain-separated-child	npa.proof-candidate-identity.hash.v1	unchanged_candidate_envelope_commits_new_state_pair_profile_or_certificate_hashes	npa-core/crates/npa-api/src/trust.rs	282	1
npa.proof-candidate-identity.v1	retain-with-domain-separated-child	npa.proof-candidate-identity.v1	unchanged_candidate_envelope_commits_new_state_pair_profile_or_certificate_hashes	npa-core/crates/npa-api/src/trust.rs	56	1
npa.proof-candidate.environment.v2	retain-with-domain-separated-child	npa.proof-candidate.environment.v2	unchanged_candidate_envelope_commits_new_state_pair_profile_or_certificate_hashes	npa-core/crates/npa-api/src/trust.rs	5146	1
npa.proof-candidate.goal-fingerprint.v1	retain-with-domain-separated-child	npa.proof-candidate.goal-fingerprint.v1	unchanged_candidate_envelope_commits_new_state_pair_profile_or_certificate_hashes	npa-core/crates/npa-api/src/trust.rs	4986	1
npa.proof-candidate.import-closure.v2	retain-with-domain-separated-child	npa.proof-candidate.import-closure.v2	unchanged_candidate_envelope_commits_new_state_pair_profile_or_certificate_hashes	npa-core/crates/npa-api/src/trust.rs	5094	1
npa.proof-candidate.machine-axiom-policy.v1	unrelated	-	reviewed_outside_changed_term_local_context_diagnostic_or_zeta_payload	npa-core/crates/npa-api/src/trust.rs	5117	1
npa.proof-candidate.machine-feature-profile.v1	retain-with-domain-separated-child	npa.proof-candidate.machine-feature-profile.v1	unchanged_candidate_envelope_commits_new_state_pair_profile_or_certificate_hashes	npa-core/crates/npa-api/src/trust.rs	5131	1
npa.proof-candidate.v1	retain-with-domain-separated-child	npa.proof-candidate.v1	unchanged_candidate_envelope_commits_new_state_pair_profile_or_certificate_hashes	npa-agents/crates/agent-model/src/lib.rs	998	2
npa.proof-hole.expected-output.v1	retain-with-domain-separated-child	npa.proof-hole.expected-output.v1	unchanged_scheduler_hash_layout_commits_new_skeleton_environment_or_context_hashes	npa-core/crates/npa-api/src/proof_hole_scheduler.rs	12	1
npa.proof-hole.result-sharing-key.v1	retain-with-domain-separated-child	npa.proof-hole.result-sharing-key.v1	unchanged_scheduler_hash_layout_commits_new_skeleton_environment_or_context_hashes	npa-core/crates/npa-api/src/proof_hole_scheduler.rs	11	1
npa.proof-hole.work-plan.v1	retain-with-domain-separated-child	npa.proof-hole.work-plan.v1	unchanged_scheduler_hash_layout_commits_new_skeleton_environment_or_context_hashes	npa-core/crates/npa-api/src/proof_hole_scheduler.rs	13	1
npa.proof-skeleton.hole-hash.v1	bump	npa.proof-skeleton.hole-hash.v2	proof_skeleton_term_and_local_grammar_change	npa-core/crates/npa-api/src/proof_skeleton.rs	10	1
npa.proof-skeleton.skeleton-hash.v1	bump	npa.proof-skeleton.skeleton-hash.v2	proof_skeleton_term_and_local_grammar_change	npa-core/crates/npa-api/src/proof_skeleton.rs	9	1
npa.proof-skeleton.v1	bump	npa.proof-skeleton.v2	proof_skeleton_term_and_local_grammar_change	npa-core/crates/npa-api/src/proof_skeleton.rs	8	1
npa.proof-sketch.local-lemma-proposal-hash.v1	retain-with-domain-separated-child	npa.proof-sketch.local-lemma-proposal-hash.v1	unchanged_sketch_layout_commits_new_environment_context_candidate_or_diagnostic_hashes	npa-core/crates/npa-api/src/proof_sketch.rs	11	1
npa.proof-sketch.minimization-record-hash.v1	retain-with-domain-separated-child	npa.proof-sketch.minimization-record-hash.v1	unchanged_sketch_layout_commits_new_environment_context_candidate_or_diagnostic_hashes	npa-core/crates/npa-api/src/proof_sketch.rs	16	1
npa.proof-sketch.revision-decision-hash.v1	retain-with-domain-separated-child	npa.proof-sketch.revision-decision-hash.v1	unchanged_sketch_layout_commits_new_environment_context_candidate_or_diagnostic_hashes	npa-core/crates/npa-api/src/proof_sketch.rs	14	1
npa.proof-sketch.revision-patch-hash.v1	retain-with-domain-separated-child	npa.proof-sketch.revision-patch-hash.v1	unchanged_sketch_layout_commits_new_environment_context_candidate_or_diagnostic_hashes	npa-core/crates/npa-api/src/proof_sketch.rs	12	1
npa.proof-sketch.sketch-hash.v1	retain-with-domain-separated-child	npa.proof-sketch.sketch-hash.v1	unchanged_sketch_layout_commits_new_environment_context_candidate_or_diagnostic_hashes	npa-core/crates/npa-api/src/proof_sketch.rs	9	1
npa.proof-sketch.v1	retain-with-domain-separated-child	npa.proof-sketch.v1	unchanged_sketch_layout_commits_new_environment_context_candidate_or_diagnostic_hashes	npa-core/crates/npa-api/src/proof_sketch.rs	8	1
npa.proof-task.v0	unrelated	-	reviewed_outside_changed_term_local_context_diagnostic_or_zeta_payload	npa-agents/apps/agentctl/src/commands/render_open_problem_report.rs	2886	1
npa.proof-task.v1	unrelated	-	reviewed_outside_changed_term_local_context_diagnostic_or_zeta_payload	npa-agents/apps/agentctl/src/open_problem_state.rs	326	7
npa.proof.local-context-binder-fingerprint.v1	retain-with-domain-separated-child	npa.proof.local-context-binder-fingerprint.v1	contains_only_new_machine_local_declaration_hashes	npa-core/crates/npa-api/src/proof_semantic.rs	17	1
npa.proof.local-statement-generalization.v1	bump	npa.proof.local-statement-generalization.v2	value_hash_and_unfold_local_definitions_removed	npa-core/crates/npa-api/src/proof_semantic.rs	19	1
npa.reconstruct.v0.1	unrelated	-	reviewed_outside_changed_term_local_context_diagnostic_or_zeta_payload	npa-core/crates/npa-cli/src/package_build_cache.rs	2486	3
npa.registry.module.v0.1	unrelated	-	reviewed_outside_changed_term_local_context_diagnostic_or_zeta_payload	npa-core/crates/npa-cli/tests/package_cli.rs	621	5
npa.repair_effectiveness_benchmark.v1	unrelated	-	reviewed_outside_changed_term_local_context_diagnostic_or_zeta_payload	npa-core/crates/npa-api/src/tactic.rs	1572	1
npa.repair_operator.v1	unrelated	-	reviewed_outside_changed_term_local_context_diagnostic_or_zeta_payload	npa-core/crates/npa-api/src/tactic.rs	370	1
npa.research-dag.v1	unrelated	-	reviewed_outside_changed_term_local_context_diagnostic_or_zeta_payload	npa-agents/apps/agentctl/src/commands/import_research_route.rs	24	2
npa.research-evidence.identity.v1	unrelated	-	reviewed_outside_changed_term_local_context_diagnostic_or_zeta_payload	npa-core/crates/npa-api/src/research_evidence.rs	9	1
npa.research-evidence.v1	unrelated	-	reviewed_outside_changed_term_local_context_diagnostic_or_zeta_payload	npa-core/crates/npa-api/src/research_evidence.rs	8	1
npa.research-notebook-entry.identity.v1	unrelated	-	reviewed_outside_changed_term_local_context_diagnostic_or_zeta_payload	npa-core/crates/npa-api/src/research_notebook.rs	9	1
npa.research-notebook-entry.v1	unrelated	-	reviewed_outside_changed_term_local_context_diagnostic_or_zeta_payload	npa-core/crates/npa-api/src/research_notebook.rs	8	1
npa.research-target.formalization-candidate.v1	unrelated	-	reviewed_outside_changed_term_local_context_diagnostic_or_zeta_payload	npa-core/crates/npa-api/src/research_target.rs	11	1
npa.research-target.identity.v1	unrelated	-	reviewed_outside_changed_term_local_context_diagnostic_or_zeta_payload	npa-core/crates/npa-api/src/research_target.rs	9	1
npa.research-target.state-transition.v1	unrelated	-	reviewed_outside_changed_term_local_context_diagnostic_or_zeta_payload	npa-core/crates/npa-api/src/research_target.rs	13	1
npa.research-target.v1	unrelated	-	reviewed_outside_changed_term_local_context_diagnostic_or_zeta_payload	npa-core/crates/npa-api/src/research_target.rs	8	1
npa.research-variant.v1	unrelated	-	reviewed_outside_changed_term_local_context_diagnostic_or_zeta_payload	npa-core/crates/npa-api/src/research_variant.rs	7	1
npa.route-package.identity.v1	unrelated	-	reviewed_outside_changed_term_local_context_diagnostic_or_zeta_payload	npa-core/crates/npa-api/src/route_package.rs	9	1
npa.route-package.v1	unrelated	-	reviewed_outside_changed_term_local_context_diagnostic_or_zeta_payload	npa-agents/apps/agentctl/src/commands/build_proof_route_portfolio.rs	20	4
npa.shared-payload.matrix.v0.3	unrelated	-	reviewed_outside_changed_term_local_context_diagnostic_or_zeta_payload	npa-core/crates/npa-api/examples/support/snap_vmsp_controller.rs	18	1
npa.shared-payload.run.v0.3	unrelated	-	reviewed_outside_changed_term_local_context_diagnostic_or_zeta_payload	npa-core/crates/npa-api/examples/bench_shared_payload.rs	58	2
npa.shared-payload.sample.v0.3	unrelated	-	reviewed_outside_changed_term_local_context_diagnostic_or_zeta_payload	npa-core/crates/npa-api/examples/bench_shared_payload.rs	59	2
npa.sketch-parent-e2e.base-sketch.v1	unrelated	-	reviewed_outside_changed_term_local_context_diagnostic_or_zeta_payload	npa-core/crates/npa-api/src/parent_proof_integration.rs	1638	1
npa.sketch-parent-e2e.policy.high-trust.no-axioms.v1	unrelated	-	reviewed_outside_changed_term_local_context_diagnostic_or_zeta_payload	npa-core/crates/npa-api/src/parent_proof_integration.rs	1450	1
npa.sketch-parent-e2e.skeleton.v1	unrelated	-	reviewed_outside_changed_term_local_context_diagnostic_or_zeta_payload	npa-core/crates/npa-api/src/parent_proof_integration.rs	1612	1
npa.sketch-parent-e2e.source-free-result.v1	unrelated	-	reviewed_outside_changed_term_local_context_diagnostic_or_zeta_payload	npa-core/crates/npa-api/src/parent_proof_integration.rs	1455	1
npa.solver-contract.v1	unrelated	-	reviewed_outside_changed_term_local_context_diagnostic_or_zeta_payload	npa-core/crates/npa-api/src/ai_search.rs	7109	2
npa.solver.bitblast.canonical-cnf.v1	unrelated	-	reviewed_outside_changed_term_local_context_diagnostic_or_zeta_payload	npa-core/crates/npa-api/src/solver.rs	64	1
npa.solver.bitblast.circuit.v1	unrelated	-	reviewed_outside_changed_term_local_context_diagnostic_or_zeta_payload	npa-core/crates/npa-api/src/solver.rs	56	1
npa.solver.bitblast.cnf-artifact.v1	unrelated	-	reviewed_outside_changed_term_local_context_diagnostic_or_zeta_payload	npa-core/crates/npa-api/src/solver.rs	58	1
npa.solver.bitblast.cnf-shape.v1	unrelated	-	reviewed_outside_changed_term_local_context_diagnostic_or_zeta_payload	npa-core/crates/npa-api/src/solver.rs	6779	1
npa.solver.bitblast.encoded-problem.v1	unrelated	-	reviewed_outside_changed_term_local_context_diagnostic_or_zeta_payload	npa-core/crates/npa-api/src/solver.rs	59	1
npa.solver.bitblast.lrat-soundness-bridge.v1	unrelated	-	reviewed_outside_changed_term_local_context_diagnostic_or_zeta_payload	npa-core/crates/npa-api/src/solver.rs	73	1
npa.solver.bitblast.reconstruction-step.v1	unrelated	-	reviewed_outside_changed_term_local_context_diagnostic_or_zeta_payload	npa-core/crates/npa-api/src/solver.rs	61	1
npa.solver.bitblast.reflected-expr.v1	unrelated	-	reviewed_outside_changed_term_local_context_diagnostic_or_zeta_payload	npa-core/crates/npa-api/src/solver.rs	54	1
npa.solver.bitblast.sat-handoff.v1	unrelated	-	reviewed_outside_changed_term_local_context_diagnostic_or_zeta_payload	npa-core/crates/npa-api/src/solver.rs	65	1
npa.solver.bitblast.sat-model.v1	unrelated	-	reviewed_outside_changed_term_local_context_diagnostic_or_zeta_payload	npa-core/crates/npa-api/src/solver.rs	66	1
npa.solver.bitblast.semantic-plan.v1	unrelated	-	reviewed_outside_changed_term_local_context_diagnostic_or_zeta_payload	npa-core/crates/npa-api/src/solver.rs	57	1
npa.solver.bitblast.semantic-proof-artifact.v1	unrelated	-	reviewed_outside_changed_term_local_context_diagnostic_or_zeta_payload	npa-core/crates/npa-api/src/solver.rs	63	1
npa.solver.bitblast.variable-map.v1	unrelated	-	reviewed_outside_changed_term_local_context_diagnostic_or_zeta_payload	npa-core/crates/npa-api/src/solver.rs	55	1
npa.solver.certificate-metadata.v1	unrelated	-	reviewed_outside_changed_term_local_context_diagnostic_or_zeta_payload	npa-core/crates/npa-api/src/solver.rs	26	1
npa.solver.finite-decide.carrier.v1	unrelated	-	reviewed_outside_changed_term_local_context_diagnostic_or_zeta_payload	npa-core/crates/npa-api/src/solver.rs	31	1
npa.solver.finite-decide.counterexample.v1	unrelated	-	reviewed_outside_changed_term_local_context_diagnostic_or_zeta_payload	npa-core/crates/npa-api/src/solver.rs	37	1
npa.solver.finite-decide.enumeration.v1	unrelated	-	reviewed_outside_changed_term_local_context_diagnostic_or_zeta_payload	npa-core/crates/npa-api/src/solver.rs	32	1
npa.solver.finite-decide.predicate-ref.v1	unrelated	-	reviewed_outside_changed_term_local_context_diagnostic_or_zeta_payload	npa-core/crates/npa-api/src/solver.rs	33	1
npa.solver.finite-decide.proof-artifact.v1	unrelated	-	reviewed_outside_changed_term_local_context_diagnostic_or_zeta_payload	npa-core/crates/npa-api/src/solver.rs	39	1
npa.solver.finite-decide.reflection-contract.v1	unrelated	-	reviewed_outside_changed_term_local_context_diagnostic_or_zeta_payload	npa-core/crates/npa-api/src/solver.rs	35	1
npa.solver.inline-payload.v1	unrelated	-	reviewed_outside_changed_term_local_context_diagnostic_or_zeta_payload	npa-core/crates/npa-api/src/solver.rs	29	1
npa.solver.lrat.certificate.v1	unrelated	-	reviewed_outside_changed_term_local_context_diagnostic_or_zeta_payload	npa-core/crates/npa-api/src/solver.rs	68	1
npa.solver.lrat.check-artifact.v1	unrelated	-	reviewed_outside_changed_term_local_context_diagnostic_or_zeta_payload	npa-core/crates/npa-api/src/solver.rs	69	1
npa.solver.lrat.cnf-unsat-bridge.v1	unrelated	-	reviewed_outside_changed_term_local_context_diagnostic_or_zeta_payload	npa-core/crates/npa-api/src/solver.rs	71	1
npa.solver.lrat.cnf-unsat-theorem.v1	unrelated	-	reviewed_outside_changed_term_local_context_diagnostic_or_zeta_payload	npa-core/crates/npa-api/src/solver.rs	70	1
npa.solver.lrat.cnf.v1	unrelated	-	reviewed_outside_changed_term_local_context_diagnostic_or_zeta_payload	npa-core/crates/npa-api/src/solver.rs	67	1
npa.solver.omega.certificate-artifact.v1	unrelated	-	reviewed_outside_changed_term_local_context_diagnostic_or_zeta_payload	npa-core/crates/npa-api/src/solver.rs	44	1
npa.solver.omega.nat-to-int-proof-obligation.v1	unrelated	-	reviewed_outside_changed_term_local_context_diagnostic_or_zeta_payload	npa-core/crates/npa-api/src/solver.rs	42	1
npa.solver.omega.normalized-problem.v1	unrelated	-	reviewed_outside_changed_term_local_context_diagnostic_or_zeta_payload	npa-core/crates/npa-api/src/solver.rs	40	1
npa.solver.omega.reconstruction-plan-ref.v1	unrelated	-	reviewed_outside_changed_term_local_context_diagnostic_or_zeta_payload	npa-core/crates/npa-api/src/solver.rs	46	1
npa.solver.omega.reconstruction-step.v1	unrelated	-	reviewed_outside_changed_term_local_context_diagnostic_or_zeta_payload	npa-core/crates/npa-api/src/solver.rs	43	1
npa.solver.proof-payload-ref.v1	unrelated	-	reviewed_outside_changed_term_local_context_diagnostic_or_zeta_payload	npa-core/crates/npa-api/src/solver.rs	25	1
npa.solver.reconstruction-plan.v1	unrelated	-	reviewed_outside_changed_term_local_context_diagnostic_or_zeta_payload	npa-core/crates/npa-api/src/solver.rs	27	1
npa.solver.replay-metadata.v1	unrelated	-	reviewed_outside_changed_term_local_context_diagnostic_or_zeta_payload	npa-core/crates/npa-api/src/solver.rs	30	1
npa.solver.request.v1	unrelated	-	reviewed_outside_changed_term_local_context_diagnostic_or_zeta_payload	npa-core/crates/npa-api/src/solver.rs	22	1
npa.solver.resource-policy.v1	unrelated	-	reviewed_outside_changed_term_local_context_diagnostic_or_zeta_payload	npa-core/crates/npa-api/src/solver.rs	28	1
npa.solver.response-identity.v1	unrelated	-	reviewed_outside_changed_term_local_context_diagnostic_or_zeta_payload	npa-core/crates/npa-api/src/solver.rs	24	1
npa.solver.response-metadata.v1	unrelated	-	reviewed_outside_changed_term_local_context_diagnostic_or_zeta_payload	npa-core/crates/npa-api/src/solver.rs	23	1
npa.solver.ring-nf.normalized-problem.v1	unrelated	-	reviewed_outside_changed_term_local_context_diagnostic_or_zeta_payload	npa-core/crates/npa-api/src/solver.rs	49	1
npa.solver.ring-nf.polynomial.v1	unrelated	-	reviewed_outside_changed_term_local_context_diagnostic_or_zeta_payload	npa-core/crates/npa-api/src/solver.rs	48	1
npa.solver.ring-nf.profile.v1	unrelated	-	reviewed_outside_changed_term_local_context_diagnostic_or_zeta_payload	npa-core/crates/npa-api/src/solver.rs	50	1
npa.solver.ring-nf.proof-artifact.v1	unrelated	-	reviewed_outside_changed_term_local_context_diagnostic_or_zeta_payload	npa-core/crates/npa-api/src/solver.rs	53	1
npa.solver.ring-nf.reflected-expr.v1	unrelated	-	reviewed_outside_changed_term_local_context_diagnostic_or_zeta_payload	npa-core/crates/npa-api/src/solver.rs	47	1
npa.solver.ring-nf.variable-environment.v1	unrelated	-	reviewed_outside_changed_term_local_context_diagnostic_or_zeta_payload	npa-core/crates/npa-api/src/solver.rs	52	1
npa.solver.u64-debug.v1	unrelated	-	reviewed_outside_changed_term_local_context_diagnostic_or_zeta_payload	npa-core/crates/npa-api/src/solver.rs	12797	1
npa.source_interface.v0.1	unrelated	-	reviewed_outside_changed_term_local_context_diagnostic_or_zeta_payload	npa-core/crates/npa-package/src/targeted_authoring_cache.rs	1632	1
npa.std-library.human-module-axioms-debug.v1	retain-with-domain-separated-child	npa.std-library.human-module-axioms-debug.v1	unchanged_standard_library_layout_commits_new_profiles_certificate_bytes_or_certificate_derived_hashes	npa-core/crates/npa-api/src/std_library.rs	94	1
npa.std-library.human-module-graph-debug.v1	retain-with-domain-separated-child	npa.std-library.human-module-graph-debug.v1	unchanged_standard_library_layout_commits_new_profiles_certificate_bytes_or_certificate_derived_hashes	npa-core/crates/npa-api/src/std_library.rs	95	1
npa.std-library.human-module-graph-edge.v1	retain-with-domain-separated-child	npa.std-library.human-module-graph-edge.v1	unchanged_standard_library_layout_commits_new_profiles_certificate_bytes_or_certificate_derived_hashes	npa-core/crates/npa-api/src/std_library.rs	96	1
npa.std-library.human-module-index-debug.v1	retain-with-domain-separated-child	npa.std-library.human-module-index-debug.v1	unchanged_standard_library_layout_commits_new_profiles_certificate_bytes_or_certificate_derived_hashes	npa-core/crates/npa-api/src/std_library.rs	93	1
npa.std-library.human-theorem-search-entry.v1	retain-with-domain-separated-child	npa.std-library.human-theorem-search-entry.v1	unchanged_standard_library_layout_commits_new_profiles_certificate_bytes_or_certificate_derived_hashes	npa-core/crates/npa-api/src/std_library.rs	92	1
npa.std-library.human-theorem-search-view.v1	retain-with-domain-separated-child	npa.std-library.human-theorem-search-view.v1	unchanged_standard_library_layout_commits_new_profiles_certificate_bytes_or_certificate_derived_hashes	npa-core/crates/npa-api/src/std_library.rs	91	1
npa.std-library.std-axiom-report.v1	retain-with-domain-separated-child	npa.std-library.std-axiom-report.v1	unchanged_standard_library_layout_commits_new_profiles_certificate_bytes_or_certificate_derived_hashes	npa-core/crates/npa-api/src/std_library.rs	87	2
npa.std-library.std-global-ref-view.v1	retain-with-domain-separated-child	npa.std-library.std-global-ref-view.v1	unchanged_standard_library_layout_commits_new_profiles_certificate_bytes_or_certificate_derived_hashes	npa-core/crates/npa-api/src/std_library.rs	90	1
npa.std-library.std-global-ref.v1	retain-with-domain-separated-child	npa.std-library.std-global-ref.v1	unchanged_standard_library_layout_commits_new_profiles_certificate_bytes_or_certificate_derived_hashes	npa-core/crates/npa-api/src/std_library.rs	89	1
npa.std-library.std-import-bundle-set.v1	retain-with-domain-separated-child	npa.std-library.std-import-bundle-set.v1	unchanged_standard_library_layout_commits_new_profiles_certificate_bytes_or_certificate_derived_hashes	npa-core/crates/npa-api/src/std_library.rs	84	1
npa.std-library.std-import-bundle.v1	retain-with-domain-separated-child	npa.std-library.std-import-bundle.v1	unchanged_standard_library_layout_commits_new_profiles_certificate_bytes_or_certificate_derived_hashes	npa-core/crates/npa-api/src/std_library.rs	83	1
npa.std-library.std-library-release.v1	retain-with-domain-separated-child	npa.std-library.std-library-release.v1	unchanged_standard_library_layout_commits_new_profiles_certificate_bytes_or_certificate_derived_hashes	npa-core/crates/npa-api/src/std_library.rs	82	1
npa.std-library.std-module-artifact.v1	retain-with-domain-separated-child	npa.std-library.std-module-artifact.v1	unchanged_standard_library_layout_commits_new_profiles_certificate_bytes_or_certificate_derived_hashes	npa-core/crates/npa-api/src/std_library.rs	81	1
npa.std-library.std-prompt-example.v1	retain-with-domain-separated-child	npa.std-library.std-prompt-example.v1	unchanged_standard_library_layout_commits_new_profiles_certificate_bytes_or_certificate_derived_hashes	npa-core/crates/npa-api/src/std_library.rs	104	1
npa.std-library.std-prompt-metadata-set.v1	retain-with-domain-separated-child	npa.std-library.std-prompt-metadata-set.v1	unchanged_standard_library_layout_commits_new_profiles_certificate_bytes_or_certificate_derived_hashes	npa-core/crates/npa-api/src/std_library.rs	102	1
npa.std-library.std-prompt-metadata.v1	retain-with-domain-separated-child	npa.std-library.std-prompt-metadata.v1	unchanged_standard_library_layout_commits_new_profiles_certificate_bytes_or_certificate_derived_hashes	npa-core/crates/npa-api/src/std_library.rs	103	1
npa.std-library.std-rewrite-profile-set.v1	retain-with-domain-separated-child	npa.std-library.std-rewrite-profile-set.v1	unchanged_standard_library_layout_commits_new_profiles_certificate_bytes_or_certificate_derived_hashes	npa-core/crates/npa-api/src/std_library.rs	99	1
npa.std-library.std-rewrite-profile.v1	retain-with-domain-separated-child	npa.std-library.std-rewrite-profile.v1	unchanged_standard_library_layout_commits_new_profiles_certificate_bytes_or_certificate_derived_hashes	npa-core/crates/npa-api/src/std_library.rs	98	1
npa.std-library.std-rule-telescope.v1	retain-with-domain-separated-child	npa.std-library.std-rule-telescope.v1	unchanged_standard_library_layout_commits_new_profiles_certificate_bytes_or_certificate_derived_hashes	npa-core/crates/npa-api/src/std_library.rs	97	1
npa.std-library.std-simp-profile-set.v1	retain-with-domain-separated-child	npa.std-library.std-simp-profile-set.v1	unchanged_standard_library_layout_commits_new_profiles_certificate_bytes_or_certificate_derived_hashes	npa-core/crates/npa-api/src/std_library.rs	101	1
npa.std-library.std-simp-profile.v1	retain-with-domain-separated-child	npa.std-library.std-simp-profile.v1	unchanged_standard_library_layout_commits_new_profiles_certificate_bytes_or_certificate_derived_hashes	npa-core/crates/npa-api/src/std_library.rs	100	1
npa.std-library.std-tactic-options-recipe.v1	retain-with-domain-separated-child	npa.std-library.std-tactic-options-recipe.v1	unchanged_standard_library_layout_commits_new_profiles_certificate_bytes_or_certificate_derived_hashes	npa-core/crates/npa-api/src/std_library.rs	85	1
npa.std-library.std-theorem-index.v1	retain-with-domain-separated-child	npa.std-library.std-theorem-index.v1	unchanged_standard_library_layout_commits_new_profiles_certificate_bytes_or_certificate_derived_hashes	npa-core/crates/npa-api/src/std_library.rs	88	2
npa.stdlib-machine.v1	retain-with-domain-separated-child	npa.stdlib-machine.v1	unchanged_standard_library_layout_commits_new_profiles_certificate_bytes_or_certificate_derived_hashes	npa-core/crates/npa-api/src/std_library.rs	70	1
npa.stdlib.mvp.v1	retain-with-domain-separated-child	npa.stdlib.mvp.v1	unchanged_standard_library_layout_commits_new_profiles_certificate_bytes_or_certificate_derived_hashes	npa-core/crates/npa-api/src/std_library.rs	71	1
npa.stdlib.prompt-metadata.mvp.v1	retain-with-domain-separated-child	npa.stdlib.prompt-metadata.mvp.v1	unchanged_standard_library_layout_commits_new_profiles_certificate_bytes_or_certificate_derived_hashes	npa-core/crates/npa-api/src/std_library.rs	72	1
npa.stdlib.theorem-index.mvp.v1	retain-with-domain-separated-child	npa.stdlib.theorem-index.mvp.v1	unchanged_standard_library_layout_commits_new_profiles_certificate_bytes_or_certificate_derived_hashes	npa-core/crates/npa-api/src/std_library.rs	114	1
npa.tactic.constructor-candidate-id.v1	unrelated	-	reviewed_outside_changed_term_local_context_diagnostic_or_zeta_payload	npa-core/crates/npa-tactic/src/lib.rs	10013	1
npa.tactic.constructor-candidate.v1	unrelated	-	reviewed_outside_changed_term_local_context_diagnostic_or_zeta_payload	npa-core/crates/npa-tactic/src/lib.rs	9990	1
npa.targeted_build_certs.rollout_run.v0.2	unrelated	-	reviewed_outside_changed_term_local_context_diagnostic_or_zeta_payload	npa-core/crates/npa-cli/examples/targeted_build_certs_bench.rs	1888	1
npa.theorem-invention.artifact-identity.hash.v1	retain-with-domain-separated-child	npa.theorem-invention.artifact-identity.hash.v1	unchanged_theorem_invention_envelope_commits_new_environment_import_certificate_or_parser_boundaries	npa-core/crates/npa-api/src/trust.rs	2328	1
npa.theorem-invention.artifact.v1	retain-with-domain-separated-child	npa.theorem-invention.artifact.v1	unchanged_theorem_invention_envelope_commits_new_environment_import_certificate_or_parser_boundaries	npa-core/crates/npa-api/src/trust.rs	663	1
npa.theorem-invention.generalized-context.hash.v1	unrelated	-	reviewed_outside_changed_term_local_context_diagnostic_or_zeta_payload	npa-core/crates/npa-api/src/trust.rs	2277	1
npa.theorem-invention.generalized-context.v1	unrelated	-	reviewed_outside_changed_term_local_context_diagnostic_or_zeta_payload	npa-core/crates/npa-api/src/trust.rs	665	1
npa.theorem-invention.proof-task.artifact-readiness.hash.v1	unrelated	-	reviewed_outside_changed_term_local_context_diagnostic_or_zeta_payload	npa-core/crates/npa-api/src/trust.rs	2823	1
npa.theorem-invention.proof-task.artifact-readiness.v1	unrelated	-	reviewed_outside_changed_term_local_context_diagnostic_or_zeta_payload	npa-core/crates/npa-api/src/trust.rs	683	1
npa.theorem-invention.proof-task.authoring-command.hash.v1	unrelated	-	reviewed_outside_changed_term_local_context_diagnostic_or_zeta_payload	npa-core/crates/npa-api/src/trust.rs	2793	1
npa.theorem-invention.proof-task.authoring-command.v1	unrelated	-	reviewed_outside_changed_term_local_context_diagnostic_or_zeta_payload	npa-core/crates/npa-api/src/trust.rs	679	1
npa.theorem-invention.proof-task.handoff.hash.v1	retain-with-domain-separated-child	npa.theorem-invention.proof-task.handoff.hash.v1	unchanged_theorem_invention_envelope_commits_new_environment_import_certificate_or_parser_boundaries	npa-core/crates/npa-api/src/trust.rs	2861	1
npa.theorem-invention.proof-task.handoff.v1	retain-with-domain-separated-child	npa.theorem-invention.proof-task.handoff.v1	unchanged_theorem_invention_envelope_commits_new_environment_import_certificate_or_parser_boundaries	npa-core/crates/npa-api/src/trust.rs	685	1
npa.theorem-invention.proof-task.package-side-effect.hash.v1	unrelated	-	reviewed_outside_changed_term_local_context_diagnostic_or_zeta_payload	npa-core/crates/npa-api/src/trust.rs	2808	1
npa.theorem-invention.proof-task.package-side-effect.v1	unrelated	-	reviewed_outside_changed_term_local_context_diagnostic_or_zeta_payload	npa-core/crates/npa-api/src/trust.rs	681	1
npa.theorem-invention.typecheck.blocker.hash.v1	retain-with-domain-separated-child	npa.theorem-invention.typecheck.blocker.hash.v1	unchanged_theorem_invention_envelope_commits_new_environment_import_certificate_or_parser_boundaries	npa-core/crates/npa-api/src/trust.rs	2443	1
npa.theorem-invention.typecheck.blocker.v1	retain-with-domain-separated-child	npa.theorem-invention.typecheck.blocker.v1	unchanged_theorem_invention_envelope_commits_new_environment_import_certificate_or_parser_boundaries	npa-core/crates/npa-api/src/trust.rs	677	1
npa.theorem-invention.typecheck.handoff.hash.v1	retain-with-domain-separated-child	npa.theorem-invention.typecheck.handoff.hash.v1	unchanged_theorem_invention_envelope_commits_new_environment_import_certificate_or_parser_boundaries	npa-core/crates/npa-api/src/trust.rs	2426	1
npa.theorem-invention.typecheck.handoff.v1	retain-with-domain-separated-child	npa.theorem-invention.typecheck.handoff.v1	unchanged_theorem_invention_envelope_commits_new_environment_import_certificate_or_parser_boundaries	npa-core/crates/npa-api/src/trust.rs	675	1
npa.theorem-invention.typecheck.import-closure.hash.v1	retain-with-domain-separated-child	npa.theorem-invention.typecheck.import-closure.hash.v1	unchanged_theorem_invention_envelope_commits_new_environment_import_certificate_or_parser_boundaries	npa-core/crates/npa-api/src/trust.rs	2342	1
npa.theorem-invention.typecheck.import-closure.v1	retain-with-domain-separated-child	npa.theorem-invention.typecheck.import-closure.v1	unchanged_theorem_invention_envelope_commits_new_environment_import_certificate_or_parser_boundaries	npa-core/crates/npa-api/src/trust.rs	669	1
npa.theorem-invention.typecheck.missing-import.hash.v1	unrelated	-	reviewed_outside_changed_term_local_context_diagnostic_or_zeta_payload	npa-core/crates/npa-api/src/trust.rs	2503	1
npa.theorem-invention.typecheck.request.hash.v1	retain-with-domain-separated-child	npa.theorem-invention.typecheck.request.hash.v1	unchanged_theorem_invention_envelope_commits_new_environment_import_certificate_or_parser_boundaries	npa-core/crates/npa-api/src/trust.rs	2398	1
npa.theorem-invention.typecheck.request.v1	retain-with-domain-separated-child	npa.theorem-invention.typecheck.request.v1	unchanged_theorem_invention_envelope_commits_new_environment_import_certificate_or_parser_boundaries	npa-core/crates/npa-api/src/trust.rs	673	1
npa.theorem-invention.typecheck.witness.hash.v1	retain-with-domain-separated-child	npa.theorem-invention.typecheck.witness.hash.v1	unchanged_theorem_invention_envelope_commits_new_environment_import_certificate_or_parser_boundaries	npa-core/crates/npa-api/src/trust.rs	2360	1
npa.theorem-invention.typecheck.witness.v1	retain-with-domain-separated-child	npa.theorem-invention.typecheck.witness.v1	unchanged_theorem_invention_envelope_commits_new_environment_import_certificate_or_parser_boundaries	npa-core/crates/npa-api/src/trust.rs	671	1
npa.theorem-invention.verification-command.hash.v1	unrelated	-	reviewed_outside_changed_term_local_context_diagnostic_or_zeta_payload	npa-core/crates/npa-api/src/trust.rs	2289	1
npa.theorem-invention.verification-command.v1	unrelated	-	reviewed_outside_changed_term_local_context_diagnostic_or_zeta_payload	npa-core/crates/npa-api/src/trust.rs	667	1
npa.true-batching.elapsed.v0.2	unrelated	-	reviewed_outside_changed_term_local_context_diagnostic_or_zeta_payload	npa-core/crates/npa-api/examples/bench_true_batching.rs	31	1
npa.verified-artifact-identity.hash.v1	retain-with-domain-separated-child	npa.verified-artifact-identity.hash.v1	unchanged_verified_artifact_layout_commits_new_candidate_certificate_and_verifier_hashes	npa-core/crates/npa-api/src/trust.rs	401	1
npa.verified-artifact-identity.v1	retain-with-domain-separated-child	npa.verified-artifact-identity.v1	unchanged_verified_artifact_layout_commits_new_candidate_certificate_and_verifier_hashes	npa-core/crates/npa-api/src/trust.rs	57	1
